listing_id,price,price_per_sqm,district,neighborhood,rooms,halls,total_rooms,gross_sqm,net_sqm,floor,floor_category,total_floors,building_age,building_type,building_condition,heating_type,fuel_type,bathroom_count,furnished,usage_status,is_in_complex,complex_name,orientation,maintenance_fee,credit_eligible,deed_status,exchange,last_updated,scraped_at,cikarilma_nedeni,supheli_m2,ofis,_dolu,durum_celiskisi
88766-2672,3650000,45625.0,Fatih,Seyyid Ömer,2.0,1,3,85.0,80.0,2.0,,4.0,45.0,Reinforced Concrete,Second-hand,Combi Boiler,Natural Gas,2.0,Unfurnished,Tenant-occupied,0,,"North, East",,Eligible,Condominium Title,No,2026-03-15,2026-03-16 02:03:59,Aynı ev farklı ilan no ile tekrar girilmiş,,,,
88766-2677,3650000,45625.0,Fatih,Seyyid Ömer,2.0,1,3,85.0,80.0,2.0,,4.0,45.0,Reinforced Concrete,Second-hand,Combi Boiler,Natural Gas,2.0,Unfurnished,Tenant-occupied,0,,North,,Eligible,Condominium Title,No,2026-03-15,2026-03-16 02:07:11,Aynı ev farklı ilan no ile tekrar girilmiş,,,,
62823-8107,18450000,184500.0,Kadıköy,Erenköy,3.0,1,4,135.0,100.0,7.0,,8.0,19.0,Reinforced Concrete,Second-hand,Combi Boiler,Natural Gas,2.0,Unfurnished,Vacant,0,,"North, East",,Eligible,Usufruct Right,No,2026-03-14,2026-03-16 05:02:55,Aynı ev farklı ilan no ile tekrar girilmiş,,,,
1049-170939,19650000,245625.0,Kadıköy,Göztepe,2.0,1,3,105.0,80.0,6.0,,9.0,10.0,Reinforced Concrete,Second-hand,Central (Metered),Natural Gas,1.0,,Vacant,0,,,,Eligible,Condominium Title,,2026-03-14,2026-03-16 05:02:27,Aynı ev farklı ilan no ile tekrar girilmiş,,,,
91887-4770,5350000,42800.0,Bahçelievler,Siyavuşpaşa,3.0,1,4,138.0,125.0,5.0,,5.0,31.0,,,Combi Boiler,,1.0,Unfurnished,Vacant,0,,South,300.0,Eligible,Construction Easement,No,2026-03-13,2026-03-15 03:55:28,Aynı ev farklı ilan no ile tekrar girilmiş,,,,
4245-10842,17600000,107975.46,Beylikdüzü,Adnan Kahveci,4.0,1,5,255.0,163.0,1.0,,6.0,0.0,Reinforced Concrete,New,Combi Boiler,Natural Gas,2.0,Unfurnished,Vacant,0,,"North, South, East",,Eligible,Condominium Title,No,2026-03-13,2026-03-15 12:07:10,Aynı ev farklı ilan no ile tekrar girilmiş,,,,
81475-6704,13500000,87096.77,Bahçelievler,Siyavuşpaşa,6.0,1,7,170.0,155.0,5.0,,6.0,5.0,Reinforced Concrete,New,Combi Boiler,Natural Gas,2.0,Unfurnished,Vacant,0,,"South, East",,Eligible,Condominium Title,Yes,2026-03-13,2026-03-15 03:05:59,Aynı ev farklı ilan no ile tekrar girilmiş,,,,
158207-354,8000000,47058.82,Arnavutköy,İslambey,4.0,2,6,190.0,170.0,,Penthouse,6.0,0.0,Reinforced Concrete,New,Combi Boiler,Natural Gas,2.0,Unfurnished,Vacant,1,,"North, East, West",,Eligible,Condominium Title,Yes,2026-03-13,2026-03-14 21:18:39,Aynı ev farklı ilan no ile tekrar girilmiş,,,,
158207-355,8000000,47058.82,Arnavutköy,İslambey,4.0,2,6,190.0,170.0,,Penthouse,6.0,0.0,Reinforced Concrete,New,Combi Boiler,Natural Gas,2.0,Unfurnished,Vacant,1,,"South, East, West",,Eligible,Condominium Title,Yes,2026-03-13,2026-03-14 21:18:22,Aynı ev farklı ilan no ile tekrar girilmiş,,,,
158207-350,6000000,80000.0,Arnavutköy,İslambey,2.0,1,3,90.0,75.0,,Mid Floor,6.0,0.0,Reinforced Concrete,New,Combi Boiler,Natural Gas,1.0,Unfurnished,Vacant,1,,"North, East, West",,Eligible,Condominium Title,Yes,2026-03-13,2026-03-14 22:06:36,Aynı ev farklı ilan no ile tekrar girilmiş,,,,
5555-36979,29950000,230384.62,Kadıköy,Erenköy,3.0,1,4,160.0,130.0,9.0,,13.0,6.0,Reinforced Concrete,Second-hand,Combi Boiler,Natural Gas,2.0,Unfurnished,Vacant,0,,"South, East, West",,Eligible,Condominium Title,No,2026-03-13,2026-03-16 05:29:43,Aynı ev farklı ilan no ile tekrar girilmiş,,,,
2501-2023,26750000,191071.43,Kadıköy,Erenköy,4.0,1,5,170.0,140.0,1.0,,12.0,5.0,,,Underfloor Heating,,2.0,Unfurnished,Vacant,0,,East,,Eligible,Condominium Title,No,2026-03-13,2026-03-16 05:04:39,Aynı ev farklı ilan no ile tekrar girilmiş,,,,
130054-883,35500000,236666.67,Kadıköy,Caddebostan,4.0,1,5,180.0,150.0,6.0,,8.0,11.0,,,Underfloor Heating,,2.0,Unfurnished,Vacant,0,,"North, South, East, West",,Not Eligible,Condominium Title,No,2026-03-12,2026-03-16 05:38:14,Aynı ev farklı ilan no ile tekrar girilmiş,,,,
166516-55,7500000,87209.3,Gaziosmanpaşa,Hürriyet,2.0,1,3,95.0,86.0,4.0,,4.0,0.0,,,Combi Boiler,,1.0,Unfurnished,Vacant,0,,,,Eligible,Condominium Title,No,2026-03-12,2026-03-16 03:00:49,Aynı ev farklı ilan no ile tekrar girilmiş,,,,
42784-3554,22500000,204545.45,Kadıköy,Bostancı,3.0,1,4,140.0,110.0,3.0,,9.0,7.0,Reinforced Concrete,,Combi Boiler,Natural Gas,2.0,Unfurnished,Vacant,0,,,,Eligible,Condominium Title,,2026-03-12,2026-03-16 05:14:39,Aynı ev farklı ilan no ile tekrar girilmiş,,,,
95643-1802,15500000,193750.0,Beşiktaş,Akat,2.0,1,3,100.0,80.0,1.0,,4.0,31.0,,,Central,,1.0,Unfurnished,Vacant,1,Saraylar Beldesi Sitesi,"South, West",38.0,Eligible,Condominium Title,No,2026-03-12,2026-03-15 10:24:53,Aynı ev farklı ilan no ile tekrar girilmiş,,,,
109158-3680,29000000,263636.36,Eyüpsultan,Göktürk Merkez,4.0,1,5,155.0,110.0,4.0,,4.0,0.0,Reinforced Concrete,New,Underfloor Heating,Natural Gas,2.0,Unfurnished,Vacant,0,,"North, South, East",1.0,Eligible,Condominium Title,Yes,2026-03-12,2026-03-15 23:05:34,Aynı ev farklı ilan no ile tekrar girilmiş,,,,
158207-348,6500000,86666.67,Arnavutköy,İslambey,2.0,1,3,90.0,75.0,,Mid Floor,6.0,0.0,Reinforced Concrete,New,Combi Boiler,Natural Gas,1.0,Unfurnished,Vacant,1,,"North, East, West",,Eligible,Condominium Title,Yes,2026-03-11,2026-03-14 22:01:35,Aynı ev farklı ilan no ile tekrar girilmiş,,,,
158207-337,6500000,86666.67,Arnavutköy,İslambey,2.0,1,3,90.0,75.0,,Mid Floor,6.0,0.0,Reinforced Concrete,New,Combi Boiler,Natural Gas,1.0,Unfurnished,Vacant,1,,"North, East, West",,Eligible,Condominium Title,Yes,2026-03-11,2026-03-14 22:09:23,Aynı ev farklı ilan no ile tekrar girilmiş,,,,
158207-352,6000000,80000.0,Arnavutköy,İslambey,2.0,1,3,90.0,75.0,,Mid Floor,6.0,0.0,Reinforced Concrete,New,Combi Boiler,Natural Gas,1.0,Unfurnished,Vacant,1,,"South, East, West",,Eligible,Condominium Title,Yes,2026-03-11,2026-03-14 22:06:19,Aynı ev farklı ilan no ile tekrar girilmiş,,,,
158207-349,6000000,80000.0,Arnavutköy,İslambey,2.0,1,3,90.0,75.0,,Mid Floor,6.0,0.0,Reinforced Concrete,New,Combi Boiler,Natural Gas,1.0,Unfurnished,Vacant,1,,"South, East, West",,Eligible,Condominium Title,Yes,2026-03-11,2026-03-14 22:08:17,Aynı ev farklı ilan no ile tekrar girilmiş,,,,
158207-335,5850000,78000.0,Arnavutköy,İslambey,2.0,1,3,90.0,75.0,,Mid Floor,6.0,0.0,Reinforced Concrete,New,Combi Boiler,Natural Gas,1.0,Unfurnished,Vacant,1,,"North, East, West",,Eligible,Condominium Title,Yes,2026-03-11,2026-03-14 22:07:09,Aynı ev farklı ilan no ile tekrar girilmiş,,,,
158207-358,6000000,80000.0,Arnavutköy,İslambey,2.0,1,3,90.0,75.0,,Mid Floor,6.0,0.0,Reinforced Concrete,New,Combi Boiler,Natural Gas,1.0,Unfurnished,Vacant,1,,"North, East, West",,Eligible,Condominium Title,Yes,2026-03-11,2026-03-14 22:07:51,Aynı ev farklı ilan no ile tekrar girilmiş,,,,
161700-150,11500000,109523.81,Bağcılar,15 Temmuz,3.0,1,4,164.0,105.0,2.0,,12.0,0.0,,,Central (Metered),,2.0,Unfurnished,Vacant,1,Leda Nexa,"South, East, West",,Eligible,Construction Easement,Yes,2026-03-11,2026-03-15 01:49:41,Aynı ev farklı ilan no ile tekrar girilmiş,,,,
158207-359,6250000,83333.33,Arnavutköy,İslambey,2.0,1,3,90.0,75.0,,Mid Floor,6.0,0.0,Reinforced Concrete,New,Combi Boiler,Natural Gas,1.0,Unfurnished,Vacant,1,,"North, South, East, West",,Eligible,Condominium Title,Yes,2026-03-11,2026-03-14 22:10:55,Aynı ev farklı ilan no ile tekrar girilmiş,,,,
158207-345,6500000,59090.91,Arnavutköy,İslambey,3.0,1,4,120.0,110.0,0.0,Raised Ground,6.0,0.0,Reinforced Concrete,New,Combi Boiler,Natural Gas,1.0,Unfurnished,Vacant,1,,"South, East, West",,Eligible,Condominium Title,Yes,2026-03-11,2026-03-14 22:03:31,Aynı ev farklı ilan no ile tekrar girilmiş,,,,
158207-342,6500000,86666.67,Arnavutköy,İslambey,2.0,1,3,90.0,75.0,,Mid Floor,6.0,0.0,Reinforced Concrete,New,Combi Boiler,Natural Gas,1.0,Unfurnished,Vacant,1,,"North, East, West",,Eligible,Condominium Title,Yes,2026-03-11,2026-03-14 22:04:22,Aynı ev farklı ilan no ile tekrar girilmiş,,,,
158207-339,5850000,78000.0,Arnavutköy,İslambey,2.0,1,3,90.0,75.0,,Mid Floor,6.0,0.0,Reinforced Concrete,New,Combi Boiler,Natural Gas,1.0,Unfurnished,Vacant,1,,"North, East, West",,Eligible,Condominium Title,Yes,2026-03-11,2026-03-14 22:04:57,Aynı ev farklı ilan no ile tekrar girilmiş,,,,
121945-480,5850000,83571.43,Avcılar,Ambarlı,2.0,1,3,80.0,70.0,3.0,,3.0,0.0,,,Combi Boiler,,1.0,Unfurnished,Vacant,0,,South,,Eligible,Construction Easement,No,2026-03-11,2026-03-14 23:29:38,Aynı ev farklı ilan no ile tekrar girilmiş,,,,
158207-311,5100000,63750.0,Arnavutköy,Haraççı,2.0,1,3,100.0,80.0,2.0,,5.0,0.0,Reinforced Concrete,New,Combi Boiler,Natural Gas,1.0,Unfurnished,Vacant,0,,"North, East, West",,Eligible,Condominium Title,Yes,2026-03-11,2026-03-14 21:32:07,Aynı ev farklı ilan no ile tekrar girilmiş,,,,
158207-315,6900000,40588.24,Arnavutköy,Mustafa Kemal Paşa,4.0,2,6,180.0,170.0,,Penthouse,5.0,0.0,Reinforced Concrete,New,Combi Boiler,Natural Gas,2.0,Unfurnished,Vacant,0,,"South, East, West",,Eligible,Condominium Title,Yes,2026-03-11,2026-03-14 21:29:52,Aynı ev farklı ilan no ile tekrar girilmiş,,,,
158207-317,7000000,41176.47,Arnavutköy,Taşoluk,4.0,2,6,180.0,170.0,,Penthouse,5.0,0.0,Reinforced Concrete,New,Combi Boiler,Natural Gas,2.0,Unfurnished,Vacant,0,,"North, East, West",,Eligible,Condominium Title,Yes,2026-03-11,2026-03-14 21:27:59,Aynı ev farklı ilan no ile tekrar girilmiş,,,,
158207-304,6800000,37777.78,Arnavutköy,Taşoluk,4.0,2,6,200.0,180.0,,Penthouse,5.0,0.0,Reinforced Concrete,New,Combi Boiler,Natural Gas,2.0,Unfurnished,Vacant,0,,"North, East, West",,Eligible,Condominium Title,Yes,2026-03-11,2026-03-14 21:34:13,Aynı ev farklı ilan no ile tekrar girilmiş,,,,
158207-303,6800000,37777.78,Arnavutköy,Taşoluk,4.0,2,6,200.0,180.0,,Penthouse,5.0,0.0,Reinforced Concrete,New,Combi Boiler,Natural Gas,2.0,Unfurnished,Vacant,0,,"North, South, East",,Eligible,Condominium Title,Yes,2026-03-11,2026-03-14 21:34:50,Aynı ev farklı ilan no ile tekrar girilmiş,,,,
158207-333,7500000,50000.0,Arnavutköy,Haraççı,3.0,2,5,160.0,150.0,,Penthouse,5.0,0.0,Reinforced Concrete,New,Combi Boiler,Natural Gas,2.0,Unfurnished,Vacant,0,,"North, East, West",,Eligible,Condominium Title,Yes,2026-03-11,2026-03-14 21:19:42,Aynı ev farklı ilan no ile tekrar girilmiş,,,,
87449-3939,26750000,191071.43,Kadıköy,Erenköy,4.0,1,5,170.0,140.0,1.0,,12.0,6.0,,,Underfloor Heating,,2.0,Unfurnished,Vacant,0,,"East, West",,Eligible,Condominium Title,No,2026-03-11,2026-03-16 05:03:56,Aynı ev farklı ilan no ile tekrar girilmiş,,,,
158207-321,5700000,71250.0,Arnavutköy,Nenehatun,2.0,1,3,95.0,80.0,1.0,,5.0,0.0,Reinforced Concrete,New,Underfloor Heating,Natural Gas,1.0,Unfurnished,Vacant,1,,"North, East, West",,Eligible,Condominium Title,Yes,2026-03-11,2026-03-14 21:24:06,Aynı ev farklı ilan no ile tekrar girilmiş,,,,
158207-323,6900000,46000.0,Arnavutköy,Nenehatun,2.0,2,4,165.0,150.0,,Penthouse,5.0,0.0,Reinforced Concrete,New,Underfloor Heating,Natural Gas,1.0,Unfurnished,Vacant,1,,"North, East, West",,Eligible,Condominium Title,Yes,2026-03-11,2026-03-14 21:22:24,Aynı ev farklı ilan no ile tekrar girilmiş,,,,
158207-198,7700000,38500.0,Arnavutköy,Haraççı,4.0,2,6,210.0,200.0,,Penthouse,5.0,0.0,Reinforced Concrete,New,Combi Boiler,Natural Gas,3.0,Unfurnished,Vacant,0,,"South, West",,Eligible,Condominium Title,Yes,2026-03-11,2026-03-14 21:55:15,Aynı ev farklı ilan no ile tekrar girilmiş,,,,
158207-264,7300000,82954.55,Arnavutköy,Haraççı,2.0,1,3,130.0,88.0,,Penthouse,6.0,0.0,Reinforced Concrete,New,Central,Natural Gas,2.0,Furnished,Vacant,1,MODERNKENTCİTY,"North, South, East, West",,Eligible,Condominium Title,Yes,2026-03-11,2026-03-14 21:50:32,Aynı ev farklı ilan no ile tekrar girilmiş,,,,
158207-266,6500000,36111.11,Arnavutköy,Anadolu,4.0,2,6,190.0,180.0,,Penthouse,5.0,0.0,Reinforced Concrete,New,Combi Boiler,Natural Gas,2.0,Unfurnished,Vacant,0,,"North, East, West",,Eligible,Condominium Title,Yes,2026-03-11,2026-03-14 21:48:51,Aynı ev farklı ilan no ile tekrar girilmiş,,,,
109158-3733,10500000,58333.33,Eyüpsultan,Yeşilpınar,4.0,1,5,200.0,180.0,5.0,,5.0,18.0,Reinforced Concrete,Second-hand,Combi Boiler,Natural Gas,2.0,Unfurnished,Vacant,0,,"South, East, West",1.0,Eligible,Construction Easement,No,2026-03-11,2026-03-15 23:43:47,Aynı ev farklı ilan no ile tekrar girilmiş,,,,
158207-296,7000000,41176.47,Arnavutköy,Taşoluk,4.0,2,6,180.0,170.0,,Penthouse,5.0,0.0,Reinforced Concrete,New,Combi Boiler,Natural Gas,2.0,Unfurnished,Vacant,0,,"South, East, West",,Eligible,Construction Easement,Yes,2026-03-11,2026-03-14 21:40:06,Aynı ev farklı ilan no ile tekrar girilmiş,,,,
45647-585,12900000,135789.47,Beyoğlu,Cihangir,3.0,1,4,100.0,95.0,2.0,,5.0,105.0,Brick,Second-hand,Combi Boiler,Natural Gas,1.0,Unfurnished,Tenant-occupied,0,,,400.0,Eligible,Condominium Title,,2026-03-10,2026-03-15 15:03:30,Aynı ev farklı ilan no ile tekrar girilmiş,,,,
146713-123,4100000,41000.0,Başakşehir,Güvercintepe,3.0,1,4,115.0,100.0,0.0,Raised Ground,6.0,5.0,,,Combi Boiler,,1.0,Unfurnished,Vacant,0,,,,Eligible,Condominium Title,No,2026-03-10,2026-03-15 08:34:58,Aynı ev farklı ilan no ile tekrar girilmiş,,,,
7553-16937,27250000,234913.79,Kadıköy,Caddebostan,3.0,1,4,140.0,116.0,1.0,,6.0,0.0,Reinforced Concrete,Second-hand,Combi Boiler,Natural Gas,2.0,Unfurnished,Owner-occupied,0,,"South, East",,Eligible,Condominium Title,No,2026-03-10,2026-03-16 05:26:56,Aynı ev farklı ilan no ile tekrar girilmiş,,,,
142510-567,39000000,371428.57,Kadıköy,Fenerbahçe,3.0,1,4,135.0,105.0,9.0,,10.0,0.0,,,Underfloor Heating,,2.0,Unfurnished,Vacant,0,,"South, East",,Eligible,Condominium Title,No,2026-03-10,2026-03-16 05:24:29,Aynı ev farklı ilan no ile tekrar girilmiş,,,,
26964-86002,18950000,199473.68,Kadıköy,Suadiye,3.0,1,4,125.0,95.0,6.0,,10.0,7.0,Reinforced Concrete,Second-hand,Combi Boiler,Natural Gas,2.0,Unfurnished,Owner-occupied,0,,"South, East",,Eligible,Condominium Title,,2026-03-10,2026-03-16 05:21:52,Aynı ev farklı ilan no ile tekrar girilmiş,,,,
137744-443,18950000,231097.56,Kadıköy,Suadiye,2.0,1,3,105.0,82.0,6.0,,11.0,0.0,,,Central (Metered),,1.0,Unfurnished,Vacant,0,,"North, East, West",,Eligible,Construction Easement,No,2026-03-10,2026-03-16 05:20:04,Aynı ev farklı ilan no ile tekrar girilmiş,,,,
35277-11313,13000000,173333.33,Fatih,Seyyid Ömer,2.0,1,3,90.0,75.0,0.0,Raised Ground,3.0,0.0,Reinforced Concrete,Under Construction,Combi Boiler,Natural Gas,1.0,Unfurnished,Vacant,0,,,,Eligible,Condominium Title,No,2026-03-09,2026-03-16 01:06:23,Aynı ev farklı ilan no ile tekrar girilmiş,,,,
5555-36997,44500000,202272.73,Kadıköy,Erenköy,4.0,1,5,285.0,220.0,9.0,,9.0,5.0,,,Combi Boiler,,3.0,Unfurnished,Owner-occupied,0,,"North, South, East, West",,Eligible,Condominium Title,No,2026-03-09,2026-03-16 05:23:19,Aynı ev farklı ilan no ile tekrar girilmiş,,,,
166170-41,2500000,50000.0,Bahçelievler,Çobançeşme,1.0,1,2,60.0,50.0,-1.0,Garden Floor,4.0,11.0,,,Combi Boiler,,1.0,Unfurnished,Owner-occupied,0,,,150.0,Eligible,Construction Easement,No,2026-03-09,2026-03-15 03:39:18,Aynı ev farklı ilan no ile tekrar girilmiş,,,,
72595-3317,2950000,29500.0,Esenyurt,İnönü,2.0,1,3,110.0,100.0,1.0,,4.0,4.0,,,Combi Boiler,,2.0,Furnished,Vacant,0,,South,250.0,Eligible,Foreign Owner,No,2026-03-08,2026-03-15 20:00:58,Aynı ev farklı ilan no ile tekrar girilmiş,,,,
72595-3316,3300000,33000.0,Esenyurt,Mehterçeşme,2.0,1,3,110.0,100.0,1.0,,3.0,6.0,,,Combi Boiler,,1.0,Unfurnished,Vacant,0,,South,250.0,Eligible,Foreign Owner,No,2026-03-08,2026-03-15 20:06:11,Aynı ev farklı ilan no ile tekrar girilmiş,,,,
72595-3319,3200000,29090.91,Başakşehir,Bahçeşehir 2. Kısım,2.0,1,3,120.0,110.0,2.0,,5.0,0.0,,,Combi Boiler,,1.0,Unfurnished,Vacant,0,,,200.0,Eligible,Foreign Owner,No,2026-03-08,2026-03-15 07:32:32,Aynı ev farklı ilan no ile tekrar girilmiş,,,,
131567-738,6750000,79411.76,Gaziosmanpaşa,Karayolları,2.0,1,3,95.0,85.0,9.0,,9.0,0.0,,,Central (Metered),,1.0,Unfurnished,Vacant,1,,"East, West",,Eligible,Condominium Title,Yes,2026-03-08,2026-03-16 02:50:13,Aynı ev farklı ilan no ile tekrar girilmiş,,,,
104328-694,10850000,72818.79,Başakşehir,Bahçeşehir 2. Kısım,3.0,1,4,156.0,149.0,6.0,,16.0,21.0,,,Central (Metered),,2.0,Unfurnished,Vacant,1,Funda 4 Sitesi,"South, East, West",,Eligible,Condominium Title,No,2026-03-07,2026-03-15 07:40:10,Aynı ev farklı ilan no ile tekrar girilmiş,,,,
88766-2662,2150000,43000.0,Fatih,Seyyid Ömer,1.0,1,2,55.0,50.0,0.0,Raised Ground,4.0,45.0,Reinforced Concrete,Second-hand,Gas Stove,Natural Gas,2.0,Unfurnished,Vacant,0,,"North, South",,Eligible,Condominium Title,No,2026-03-07,2026-03-16 02:37:12,Aynı ev farklı ilan no ile tekrar girilmiş,,,,
88766-2649,2150000,43000.0,Fatih,Seyyid Ömer,1.0,1,2,55.0,50.0,0.0,Raised Ground,4.0,45.0,Reinforced Concrete,Second-hand,Gas Stove,Natural Gas,2.0,Unfurnished,Vacant,0,,"North, South",,Eligible,Condominium Title,No,2026-03-07,2026-03-16 02:38:43,Aynı ev farklı ilan no ile tekrar girilmiş,,,,
166463-16,6600000,66000.0,Gaziosmanpaşa,Bağlarbaşı,3.0,1,4,115.0,100.0,2.0,,5.0,0.0,,,Combi Boiler,,2.0,Unfurnished,Vacant,1,Ebru Konakları,,1000.0,Eligible,Condominium Title,No,2026-03-07,2026-03-16 03:21:36,Aynı ev farklı ilan no ile tekrar girilmiş,,,,
164231-13,6500000,76470.59,Çekmeköy,Soğukpınar,2.0,1,3,90.0,85.0,2.0,,6.0,0.0,,,Combi Boiler,,1.0,Unfurnished,Vacant,0,,,400.0,Eligible,Construction Easement,No,2026-03-07,2026-03-15 16:48:50,Aynı ev farklı ilan no ile tekrar girilmiş,,,,
164231-12,6500000,76470.59,Çekmeköy,Soğukpınar,2.0,1,3,90.0,85.0,2.0,,6.0,0.0,,,Combi Boiler,,1.0,Unfurnished,Vacant,0,,,400.0,Eligible,Construction Easement,No,2026-03-07,2026-03-15 16:50:37,Aynı ev farklı ilan no ile tekrar girilmiş,,,,
149659-164,1370000,21076.92,Bağcılar,15 Temmuz,2.0,1,3,75.0,65.0,-1.0,Garden Floor,6.0,26.0,,,Combi Boiler,,1.0,Unfurnished,Tenant-occupied,0,,South,100.0,Not Eligible,Shared Title,Yes,2026-03-06,2026-03-15 02:04:18,Aynı ev farklı ilan no ile tekrar girilmiş,,,,
102526-616,14250000,98275.86,Başakşehir,Bahçeşehir 2. Kısım,4.0,1,5,212.0,145.0,2.0,,4.0,0.0,,,Central (Metered),,2.0,Unfurnished,Vacant,1,Vadi Evleri 2. Etap,"South, East",,Not Eligible,No Title Deed,No,2026-03-06,2026-03-15 07:39:30,Aynı ev farklı ilan no ile tekrar girilmiş,,,,
137998-247,4449999,44499.99,Beylikdüzü,Kavaklı,2.0,0,2,125.0,100.0,1.0,,2.0,0.0,Reinforced Concrete,New,Combi Boiler,Natural Gas,1.0,Unfurnished,Vacant,0,,"North, South, East, West",,Eligible,Condominium Title,Yes,2026-03-06,2026-03-15 13:15:33,Aynı ev farklı ilan no ile tekrar girilmiş,,,,
5630-6574,4200000,82352.94,Ataşehir,Esatpaşa,2.0,1,3,70.0,51.0,-1.0,Garden Floor,3.0,0.0,Reinforced Concrete,Under Construction,Combi Boiler,Natural Gas,1.0,Unfurnished,Vacant,0,,"North, South, East, West",,Eligible,Condominium Title,No,2026-03-06,2026-03-14 23:17:47,Aynı ev farklı ilan no ile tekrar girilmiş,,,,
163670-136,6300000,95454.55,Esenler,Havaalanı,2.0,1,3,84.0,66.0,13.0,,17.0,6.0,,,Central (Metered),,1.0,Unfurnished,Tenant-occupied,1,Esenler Emlak Konutları,"South, East, West",3500.0,Eligible,Condominium Title,No,2026-03-05,2026-03-15 18:23:04,Aynı ev farklı ilan no ile tekrar girilmiş,,,,
18533-1271,22500000,118421.05,Bahçelievler,Bahçelievler,5.0,2,7,225.0,190.0,4.0,,4.0,0.0,,,Combi Boiler,,3.0,Unfurnished,Vacant,0,,South,,Eligible,Condominium Title,No,2026-03-05,2026-03-15 03:29:51,Aynı ev farklı ilan no ile tekrar girilmiş,,,,
167147-74,19200000,91428.57,Başakşehir,Bahçeşehir 1. Kısım,4.0,1,5,275.0,210.0,3.0,,3.0,11.0,,,Underfloor Heating,,2.0,Unfurnished,Owner-occupied,1,Bahçeşehir Konakları,West,4000.0,Eligible,Condominium Title,No,2026-03-05,2026-03-15 07:42:45,Aynı ev farklı ilan no ile tekrar girilmiş,,,,
65936-12616,3000000,30000.0,Beylikdüzü,Beylikdüzü OSB,3.0,1,4,110.0,100.0,,Mid Floor,5.0,7.0,,,Combi Boiler,,1.0,Unfurnished,Vacant,0,,,,Eligible,Condominium Title,,2026-03-05,2026-03-15 13:26:42,Aynı ev farklı ilan no ile tekrar girilmiş,,,,
6056-13944,8200000,102500.0,Bahçelievler,Siyavuşpaşa,3.0,1,4,100.0,80.0,2.0,,5.0,0.0,Reinforced Concrete,New,Combi Boiler,Natural Gas,1.0,Unfurnished,Vacant,0,,"North, South",,Eligible,Construction Easement,No,2026-03-04,2026-03-15 05:27:33,Aynı ev farklı ilan no ile tekrar girilmiş,,,,
56554-3446,5500000,50000.0,Bahçelievler,Zafer,3.0,1,4,120.0,110.0,3.0,,5.0,16.0,Reinforced Concrete,Second-hand,Combi Boiler,Natural Gas,1.0,,Owner-occupied,0,,South,,Eligible,Construction Easement,,2026-03-04,2026-03-15 04:00:00,Aynı ev farklı ilan no ile tekrar girilmiş,,,,
49812-551,4990000,41583.33,Çekmeköy,Soğukpınar,3.0,1,4,130.0,120.0,3.0,,3.0,16.0,,,Combi Boiler,,2.0,Unfurnished,Owner-occupied,0,,,200.0,Not Eligible,Condominium Title,No,2026-03-03,2026-03-15 17:21:10,Aynı ev farklı ilan no ile tekrar girilmiş,,,,
156410-71,3750000,41666.67,Güngören,Merkez,2.0,1,3,95.0,90.0,1.0,,5.0,31.0,,,Combi Boiler,,1.0,Unfurnished,Owner-occupied,0,,,,Eligible,Construction Easement,No,2026-03-03,2026-03-16 04:26:30,Aynı ev farklı ilan no ile tekrar girilmiş,,,,
17780-20417,30500000,244000.0,Bakırköy,Şenlikköy,3.0,1,4,135.0,125.0,-1.0,Garden Floor,3.0,0.0,Reinforced Concrete,New,Combi Boiler,Natural Gas,2.0,Unfurnished,Vacant,0,,,,Eligible,Condominium Title,No,2026-03-03,2026-03-15 05:55:52,Aynı ev farklı ilan no ile tekrar girilmiş,,,,
41756-18057,55000000,478260.87,Beşiktaş,Nisbetiye,3.0,1,4,130.0,115.0,1.0,,5.0,0.0,Reinforced Concrete,New,Combi Boiler,Natural Gas,2.0,Unfurnished,Tenant-occupied,0,,"East, West",5000.0,Eligible,Condominium Title,No,2026-03-03,2026-03-15 10:19:33,Aynı ev farklı ilan no ile tekrar girilmiş,,,,
164129-19,19200000,91428.57,Başakşehir,Bahçeşehir 1. Kısım,4.0,1,5,275.0,210.0,3.0,,3.0,11.0,Reinforced Concrete,Second-hand,Central (Metered),Natural Gas,2.0,Unfurnished,Owner-occupied,1,,"South, West",,Eligible,Condominium Title,No,2026-03-03,2026-03-15 07:36:01,Aynı ev farklı ilan no ile tekrar girilmiş,,,,
17032-768,5350000,42800.0,Bahçelievler,Siyavuşpaşa,3.0,1,4,138.0,125.0,5.0,,5.0,31.0,,,Combi Boiler,,1.0,Unfurnished,Vacant,0,,,,Eligible,Condominium Title,No,2026-02-28,2026-03-15 04:31:59,Aynı ev farklı ilan no ile tekrar girilmiş,,,,
166451-24,4299000,50576.47,Beylikdüzü,Kavaklı,2.0,1,3,95.0,85.0,1.0,,3.0,0.0,,,Combi Boiler,,1.0,Unfurnished,Vacant,0,,"South, East, West",300.0,Eligible,Condominium Title,Yes,2026-02-28,2026-03-15 12:36:54,Aynı ev farklı ilan no ile tekrar girilmiş,,,,
166451-6,11450000,45800.0,Beylikdüzü,Barış,3.0,2,5,280.0,250.0,5.0,,5.0,5.0,,,Combi Boiler,,3.0,Unfurnished,Vacant,0,,"South, East, West",500.0,Eligible,Condominium Title,Yes,2026-02-28,2026-03-15 12:53:13,Aynı ev farklı ilan no ile tekrar girilmiş,,,,
5575-12854,48500000,293939.39,Beşiktaş,Nisbetiye,3.0,1,4,200.0,165.0,5.0,,5.0,4.0,,,Combi Boiler,,2.0,,Tenant-occupied,0,,"South, East, West",,Eligible,Condominium Title,No,2026-02-28,2026-03-15 09:49:04,Aynı ev farklı ilan no ile tekrar girilmiş,,,,
130307-1140,2150000,26875.0,Esenler,Nine Hatun,2.0,1,3,95.0,80.0,0.0,Raised Ground,7.0,31.0,,,Combi Boiler,,1.0,Unfurnished,Vacant,0,,"South, East",,Not Eligible,Shared Title,No,2026-02-28,2026-03-15 18:35:05,Aynı ev farklı ilan no ile tekrar girilmiş,,,,
56779-3,8750000,46052.63,Bahçelievler,Yenibosna Merkez,5.0,2,7,250.0,190.0,,Penthouse,3.0,16.0,,,Combi Boiler,,2.0,Unfurnished,Owner-occupied,0,,"North, East, West",400.0,Eligible,Construction Easement,No,2026-02-27,2026-03-15 03:21:59,Aynı ev farklı ilan no ile tekrar girilmiş,,,,
166630-9,3950000,52666.67,Gaziosmanpaşa,Merkez,2.0,1,3,85.0,75.0,,Top Floor,7.0,10.0,Reinforced Concrete,Second-hand,Combi Boiler,Natural Gas,1.0,Unfurnished,Vacant,0,,,200.0,Eligible,Condominium Title,No,2026-02-27,2026-03-16 03:26:11,Aynı ev farklı ilan no ile tekrar girilmiş,,,,
26073-3216,12000000,40000.0,Büyükçekmece,Güzelce,4.0,2,6,400.0,300.0,1.0,,3.0,16.0,Reinforced Concrete,Second-hand,Combi Boiler,Natural Gas,3.0,Unfurnished,Owner-occupied,1,Kale Güneş Konakları Sitesi,South,,Eligible,Condominium Title,No,2026-02-27,2026-03-15 15:33:26,Aynı ev farklı ilan no ile tekrar girilmiş,,,,
129202-1021,2990000,29900.0,Beylikdüzü,Yakuplu,2.0,1,3,110.0,100.0,3.0,,6.0,3.0,,,Combi Boiler,,1.0,Unfurnished,Vacant,0,,"North, South, East, West",100.0,Eligible,Condominium Title,No,2026-02-27,2026-03-15 14:25:01,Aynı ev farklı ilan no ile tekrar girilmiş,,,,
129391-478,3990000,38000.0,Esenyurt,Akevler,2.0,1,3,130.0,105.0,19.0,,30.0,11.0,,,Central (Metered),,1.0,Unfurnished,Vacant,1,Özyurtlar Ntowers,"South, East, West",,Eligible,Construction Easement,No,2026-02-27,2026-03-15 19:51:40,Aynı ev farklı ilan no ile tekrar girilmiş,,,,
75964-2697,2560000,26947.37,Esenyurt,Güzelyurt,2.0,1,3,105.0,95.0,0.0,Raised Ground,5.0,0.0,,,Combi Boiler,,1.0,Unfurnished,Vacant,0,,"South, East, West",100.0,Eligible,Condominium Title,Yes,2026-02-26,2026-03-15 20:43:52,Aynı ev farklı ilan no ile tekrar girilmiş,,,,
166463-3,5500000,63218.39,Gaziosmanpaşa,Bağlarbaşı,2.0,1,3,100.0,87.0,1.0,,5.0,0.0,,,Combi Boiler,,2.0,Unfurnished,Vacant,1,Ebru Konakları,,1000.0,Eligible,Condominium Title,No,2026-02-24,2026-03-16 03:39:52,Aynı ev farklı ilan no ile tekrar girilmiş,,,,
166463-7,6400000,64000.0,Gaziosmanpaşa,Bağlarbaşı,3.0,1,4,115.0,100.0,2.0,,6.0,0.0,,,Combi Boiler,,2.0,Unfurnished,Vacant,1,Ebru Konakları,,1000.0,Eligible,Condominium Title,No,2026-02-24,2026-03-16 03:33:57,Aynı ev farklı ilan no ile tekrar girilmiş,,,,
166547-40,12500000,78125.0,Avcılar,Tahtakale,4.0,1,5,211.0,160.0,5.0,,11.0,5.0,,,Central (Metered),,2.0,Unfurnished,Owner-occupied,1,Ispartakule Evleri 1. Etap 1. Kısım,,,Not Eligible,No Title Deed,No,2026-02-23,2026-03-14 23:41:05,Aynı ev farklı ilan no ile tekrar girilmiş,,,,
91887-4762,11500000,63888.89,Bakırköy,Osmaniye,4.0,1,5,224.0,180.0,4.0,,4.0,16.0,,,Combi Boiler,,3.0,Unfurnished,Owner-occupied,0,,"North, South",400.0,Eligible,Condominium Title,No,2026-02-23,2026-03-15 06:03:31,Aynı ev farklı ilan no ile tekrar girilmiş,,,,
7609-3737,14000000,215384.62,Beşiktaş,Yıldız,1.0,1,2,75.0,65.0,0.0,Raised Ground,4.0,0.0,Reinforced Concrete,New,Underfloor Heating,Natural Gas,1.0,Furnished,Vacant,0,,"South, East",1000.0,Eligible,Condominium Title,No,2026-02-20,2026-03-15 09:48:49,Aynı ev farklı ilan no ile tekrar girilmiş,,,,
166578-15,6250000,77160.49,Gaziosmanpaşa,Bağlarbaşı,2.0,1,3,100.0,81.0,2.0,,9.0,0.0,,,Central (Metered),,1.0,Unfurnished,Vacant,1,,East,,Eligible,No Title Deed,No,2026-02-20,2026-03-16 03:08:06,Aynı ev farklı ilan no ile tekrar girilmiş,,,,
6056-14027,9750000,97500.0,Bahçelievler,Siyavuşpaşa,3.0,1,4,115.0,100.0,3.0,,5.0,0.0,Reinforced Concrete,New,Combi Boiler,Natural Gas,1.0,Unfurnished,Vacant,0,,"East, West",,Eligible,Construction Easement,No,2026-02-19,2026-03-15 05:06:29,Aynı ev farklı ilan no ile tekrar girilmiş,,,,
9636-17408,36000000,514285.71,Beşiktaş,Etiler,2.0,1,3,90.0,70.0,4.0,,6.0,1.0,,,Underfloor Heating,,1.0,Unfurnished,Vacant,0,,"South, East",,Not Eligible,Condominium Title,No,2026-02-19,2026-03-15 10:26:59,Aynı ev farklı ilan no ile tekrar girilmiş,,,,
109158-3719,7500000,107142.86,Eyüpsultan,Yeşilpınar,2.0,1,3,88.0,70.0,4.0,,8.0,1.0,Reinforced Concrete,New,Combi Boiler,Natural Gas,1.0,Unfurnished,Tenant-occupied,0,,"South, East",,Eligible,Construction Easement,Yes,2026-02-19,2026-03-16 00:15:46,Aynı ev farklı ilan no ile tekrar girilmiş,,,,
109158-3636,17250000,239583.33,Beyoğlu,İstiklal,2.0,1,3,92.0,72.0,6.0,,12.0,4.0,,,Central (Metered),,2.0,Unfurnished,Tenant-occupied,1,Piyalepaşa İstanbul,"South, East",1.0,Eligible,Condominium Title,Yes,2026-02-19,2026-03-15 14:43:28,Aynı ev farklı ilan no ile tekrar girilmiş,,,,
109158-3649,5950000,42500.0,Avcılar,Denizköşkler,3.0,1,4,160.0,140.0,0.0,Raised Ground,5.0,11.0,,,Combi Boiler,,2.0,Furnished,Vacant,0,,"South, East",,Eligible,Condominium Title,Yes,2026-02-19,2026-03-14 23:48:49,Aynı ev farklı ilan no ile tekrar girilmiş,,,,
110910-580,9600000,112941.18,Fatih,Mevlanakapı,2.0,1,3,100.0,85.0,4.0,,4.0,0.0,,,Combi Boiler,,1.0,Unfurnished,Vacant,0,,"South, East",,Eligible,Condominium Title,No,2026-02-18,2026-03-16 02:43:26,Aynı ev farklı ilan no ile tekrar girilmiş,,,,
159000-54,9000000,112500.0,Güngören,Tozkoparan,2.0,1,3,104.0,80.0,1.0,,8.0,0.0,,,Central (Metered),,1.0,Unfurnished,Tenant-occupied,1,Yeni Tozkoparan Konutları,South,3495.0,Eligible,No Title Deed,No,2026-02-18,2026-03-16 04:18:00,Aynı ev farklı ilan no ile tekrar girilmiş,,,,
1096-68227,62500000,337837.84,Beşiktaş,Etiler,2.0,1,3,200.0,185.0,4.0,,6.0,31.0,,,Central,,2.0,Unfurnished,Tenant-occupied,0,,South,,Eligible,Condominium Title,No,2026-02-18,2026-03-15 10:35:34,Aynı ev farklı ilan no ile tekrar girilmiş,,,,
1096-68225,16250000,232142.86,Beşiktaş,Etiler,2.0,1,3,90.0,70.0,6.0,,7.0,31.0,,,Central,,1.0,Unfurnished,Vacant,1,Türksan Sitesi,South,,Eligible,Condominium Title,No,2026-02-18,2026-03-15 10:48:22,Aynı ev farklı ilan no ile tekrar girilmiş,,,,
1096-68253,62500000,337837.84,Beşiktaş,Bebek,2.0,1,3,201.0,185.0,4.0,,6.0,31.0,,,Central,,3.0,Unfurnished,Tenant-occupied,0,,South,,Eligible,Condominium Title,No,2026-02-18,2026-03-15 10:04:40,Aynı ev farklı ilan no ile tekrar girilmiş,,,,
141821-136,33000000,200000.0,Çekmeköy,Nişantepe,3.0,1,4,242.0,165.0,-1.0,Garden Floor,3.0,4.0,Reinforced Concrete,Second-hand,Underfloor Heating,,2.0,Unfurnished,Vacant,1,Birbahçe,South,13000.0,Eligible,Condominium Title,No,2026-02-17,2026-03-15 16:47:06,Aynı ev farklı ilan no ile tekrar girilmiş,,,,
65936-12663,3000000,30000.0,Beylikdüzü,Beylikdüzü OSB,3.0,1,4,110.0,100.0,,Mid Floor,5.0,7.0,,,Combi Boiler,,1.0,Unfurnished,Vacant,0,,,,Eligible,Condominium Title,,2026-02-17,2026-03-15 12:35:53,Aynı ev farklı ilan no ile tekrar girilmiş,,,,
112257-480,20800000,239080.46,Ataşehir,Barbaros,2.0,1,3,112.0,87.0,8.0,,13.0,16.0,,,Combi Boiler,,1.0,Unfurnished,Vacant,1,Kentplus 3351,"North, South",8000.0,Eligible,Condominium Title,No,2026-02-17,2026-03-14 22:28:12,Aynı ev farklı ilan no ile tekrar girilmiş,,,,
6056-14065,22000000,122222.22,Bahçelievler,Bahçelievler,4.0,2,6,200.0,180.0,4.0,,4.0,0.0,Reinforced Concrete,New,Combi Boiler,Natural Gas,3.0,Unfurnished,Vacant,0,,"North, South, East, West",,Eligible,Condominium Title,No,2026-02-16,2026-03-15 04:59:38,Aynı ev farklı ilan no ile tekrar girilmiş,,,,
158514-75,12199999,76249.99,Avcılar,Tahtakale,3.0,1,4,197.0,160.0,16.0,,28.0,11.0,Reinforced Concrete,Second-hand,Central (Metered),Natural Gas,3.0,Unfurnished,,1,Bizim Evler 6 Sitesi Gökkuşağı,"North, South, East, West",,Eligible,Condominium Title,Yes,2026-02-16,2026-03-14 23:51:58,Aynı ev farklı ilan no ile tekrar girilmiş,,,,
65819-1133,6200000,77500.0,Başakşehir,Bahçeşehir 1. Kısım,2.0,1,3,100.0,80.0,7.0,,7.0,21.0,,,Central,,1.0,Unfurnished,Tenant-occupied,1,Berit Evleri,"North, West",,Eligible,Condominium Title,No,2026-02-16,2026-03-15 07:30:38,Aynı ev farklı ilan no ile tekrar girilmiş,,,,
166471-11,2450000,44545.45,Eyüpsultan,Alibeyköy,2.0,1,3,65.0,55.0,-2.0,Sub-level 2,6.0,6.0,,,Combi Boiler,,1.0,Unfurnished,Vacant,0,,East,,Eligible,Condominium Title,No,2026-02-16,2026-03-15 23:37:48,Aynı ev farklı ilan no ile tekrar girilmiş,,,,
141358-36,12000000,80000.0,Ataşehir,Esatpaşa,4.0,2,6,165.0,150.0,,Top Floor,5.0,0.0,Reinforced Concrete,New,Combi Boiler,Natural Gas,3.0,Unfurnished,Vacant,0,,"South, East",120.0,Eligible,Condominium Title,No,2026-02-15,2026-03-14 22:26:47,Aynı ev farklı ilan no ile tekrar girilmiş,,,,
42416-1569,24000000,218181.82,Beyoğlu,Pürtelaş Hasan Efendi,2.0,1,3,120.0,110.0,1.0,,5.0,31.0,,,Combi Boiler,,2.0,Unfurnished,Vacant,0,,"South, East, West",,Not Eligible,Condominium Title,No,2026-02-15,2026-03-15 14:54:55,Aynı ev farklı ilan no ile tekrar girilmiş,,,,
165787-30,15700000,71363.64,Bahçelievler,Bahçelievler,4.0,1,5,240.0,220.0,1.0,,4.0,31.0,,,Combi Boiler,,2.0,Unfurnished,Owner-occupied,0,,South,,Eligible,Condominium Title,No,2026-02-14,2026-03-15 03:53:22,Aynı ev farklı ilan no ile tekrar girilmiş,,,,
165889-37,7500000,75000.0,Bahçelievler,Siyavuşpaşa,3.0,1,4,110.0,100.0,5.0,,6.0,0.0,,,Combi Boiler,,1.0,Unfurnished,Vacant,0,,,,Eligible,Construction Easement,No,2026-02-14,2026-03-15 04:58:00,Aynı ev farklı ilan no ile tekrar girilmiş,,,,
165787-31,7500000,100000.0,Bahçelievler,Siyavuşpaşa,2.0,1,3,80.0,75.0,2.0,,5.0,6.0,,,Combi Boiler,,1.0,Unfurnished,Owner-occupied,0,,South,,Eligible,Condominium Title,No,2026-02-14,2026-03-15 03:48:52,Aynı ev farklı ilan no ile tekrar girilmiş,,,,
36122-1920,8200000,96470.59,Bahçelievler,Siyavuşpaşa,3.0,1,4,100.0,85.0,2.0,,5.0,0.0,,,Combi Boiler,,1.0,Unfurnished,Vacant,0,,"North, South",,Eligible,Condominium Title,No,2026-02-14,2026-03-15 03:45:05,Aynı ev farklı ilan no ile tekrar girilmiş,,,,
125781-709,8500000,100000.0,Bahçelievler,Siyavuşpaşa,3.0,1,4,105.0,85.0,6.0,,6.0,0.0,Reinforced Concrete,New,Combi Boiler,Natural Gas,1.0,Unfurnished,Vacant,0,,South,400.0,Eligible,Condominium Title,No,2026-02-14,2026-03-15 03:43:14,Aynı ev farklı ilan no ile tekrar girilmiş,,,,
36122-1919,5350000,42800.0,Bahçelievler,Siyavuşpaşa,3.0,1,4,138.0,125.0,5.0,,5.0,31.0,,,Combi Boiler,,1.0,Unfurnished,Vacant,0,,"North, South",,Eligible,Construction Easement,No,2026-02-14,2026-03-15 03:48:01,Aynı ev farklı ilan no ile tekrar girilmiş,,,,
36122-1922,6750000,90000.0,Bahçelievler,Şirinevler,2.0,1,3,90.0,75.0,0.0,Raised Ground,5.0,0.0,,,Combi Boiler,,1.0,Unfurnished,Vacant,0,,"North, South",,Eligible,Condominium Title,No,2026-02-14,2026-03-15 04:02:16,Aynı ev farklı ilan no ile tekrar girilmiş,,,,
166434-5,28500000,98275.86,Bahçelievler,Bahçelievler,6.0,2,8,310.0,290.0,4.0,,4.0,5.0,,,Combi Boiler,,3.0,Unfurnished,Vacant,1,,"North, South, East, West",,Eligible,Condominium Title,No,2026-02-14,2026-03-15 03:24:38,Aynı ev farklı ilan no ile tekrar girilmiş,,,,
56554-3418,7000000,63636.36,Bahçelievler,Siyavuşpaşa,3.0,1,4,120.0,110.0,1.0,,5.0,5.0,Reinforced Concrete,Second-hand,Combi Boiler,Natural Gas,1.0,,Owner-occupied,0,,South,,Eligible,Construction Easement,,2026-02-14,2026-03-15 04:56:11,Aynı ev farklı ilan no ile tekrar girilmiş,,,,
165787-37,8250000,91666.67,Bahçelievler,Siyavuşpaşa,3.0,1,4,110.0,90.0,5.0,,6.0,0.0,,,Combi Boiler,,1.0,Unfurnished,Vacant,0,,South,,Eligible,Condominium Title,No,2026-02-14,2026-03-15 03:31:13,Aynı ev farklı ilan no ile tekrar girilmiş,,,,
165787-36,12650000,84333.33,Bahçelievler,Bahçelievler,4.0,1,5,165.0,150.0,1.0,,4.0,26.0,,,Combi Boiler,,2.0,Unfurnished,Owner-occupied,0,,South,,Eligible,Condominium Title,No,2026-02-14,2026-03-15 03:33:36,Aynı ev farklı ilan no ile tekrar girilmiş,,,,
165787-38,8500000,113333.33,Bahçelievler,Siyavuşpaşa,2.0,1,3,90.0,75.0,1.0,,6.0,0.0,,,Combi Boiler,,1.0,Unfurnished,Vacant,0,,South,,Eligible,Construction Easement,No,2026-02-14,2026-03-15 03:28:05,Aynı ev farklı ilan no ile tekrar girilmiş,,,,
56554-3463,3950000,37619.05,Bahçelievler,Siyavuşpaşa,3.0,1,4,110.0,105.0,0.0,Raised Ground,5.0,31.0,Reinforced Concrete,Second-hand,Combi Boiler,Natural Gas,1.0,,Owner-occupied,0,,South,,Not Eligible,Land Title,,2026-02-14,2026-03-15 04:27:28,Aynı ev farklı ilan no ile tekrar girilmiş,,,,
14637-2809,14500000,80555.56,Avcılar,Tahtakale,4.0,1,5,220.0,180.0,2.0,,27.0,10.0,Reinforced Concrete,Second-hand,Central (Metered),Natural Gas,2.0,Unfurnished,Vacant,1,Bizim Evler 6 Sitesi Gökkuşağı,"South, West",3645.0,Eligible,Condominium Title,No,2026-02-14,2026-03-14 23:36:05,Aynı ev farklı ilan no ile tekrar girilmiş,,,,
86354-1291,5200000,65000.0,Bahçelievler,Soğanlı,2.0,1,3,85.0,80.0,2.0,,4.0,15.0,Reinforced Concrete,Second-hand,Combi Boiler,Natural Gas,1.0,Unfurnished,Owner-occupied,0,,"South, East",200.0,Eligible,Construction Easement,No,2026-02-14,2026-03-15 04:06:44,Aynı ev farklı ilan no ile tekrar girilmiş,,,,
36122-1923,9600000,48000.0,Bahçelievler,Şirinevler,4.0,2,6,220.0,200.0,5.0,,5.0,6.0,,,Combi Boiler,,2.0,Unfurnished,Vacant,0,,"North, South",,Eligible,Condominium Title,No,2026-02-14,2026-03-15 03:27:40,Aynı ev farklı ilan no ile tekrar girilmiş,,,,
36122-1918,8500000,100000.0,Bahçelievler,Siyavuşpaşa,3.0,1,4,105.0,85.0,6.0,,6.0,0.0,,,Combi Boiler,,1.0,Unfurnished,Vacant,0,,"North, South",,Eligible,Condominium Title,No,2026-02-14,2026-03-15 04:07:08,Aynı ev farklı ilan no ile tekrar girilmiş,,,,
36122-1886,5950000,45769.23,Bahçelievler,Siyavuşpaşa,3.0,1,4,150.0,130.0,1.0,,5.0,31.0,,,Combi Boiler,,2.0,Unfurnished,Owner-occupied,0,,"North, South",,Eligible,Construction Easement,No,2026-02-14,2026-03-15 05:02:27,Aynı ev farklı ilan no ile tekrar girilmiş,,,,
56554-3462,4650000,42272.73,Bahçelievler,Siyavuşpaşa,3.0,1,4,120.0,110.0,3.0,,5.0,31.0,Reinforced Concrete,Second-hand,Combi Boiler,Natural Gas,1.0,,Owner-occupied,0,,South,,Eligible,Construction Easement,,2026-02-14,2026-03-15 04:40:24,Aynı ev farklı ilan no ile tekrar girilmiş,,,,
4753-17365,27500000,171875.0,Bakırköy,Basınköy,4.0,1,5,170.0,160.0,-1.0,Garden Floor,3.0,4.0,Reinforced Concrete,Second-hand,Combi Boiler,Natural Gas,2.0,Unfurnished,,0,,"South, East, West",,Eligible,Condominium Title,No,2026-02-13,2026-03-15 07:08:13,Aynı ev farklı ilan no ile tekrar girilmiş,,,,
36122-1911,3950000,37619.05,Bahçelievler,Siyavuşpaşa,3.0,1,4,110.0,105.0,0.0,Raised Ground,6.0,31.0,,,Combi Boiler,,1.0,Unfurnished,Owner-occupied,0,,"North, South",,Eligible,Land Title,No,2026-02-13,2026-03-15 03:32:08,Aynı ev farklı ilan no ile tekrar girilmiş,,,,
45783-2568,7200000,110769.23,Esenler,15 Temmuz,2.0,1,3,82.0,65.0,1.0,,5.0,0.0,,,Central (Metered),,1.0,Unfurnished,Vacant,1,15 Temmuz Evleri,South,,Not Eligible,Condominium Title,No,2026-02-13,2026-03-15 19:16:32,Aynı ev farklı ilan no ile tekrar girilmiş,,,,
6680-23836,6200000,51666.67,Avcılar,Merkez,3.0,1,4,130.0,120.0,,Mid Floor,5.0,0.0,Reinforced Concrete,New,Combi Boiler,Natural Gas,1.0,Unfurnished,Vacant,0,,South,200.0,Eligible,Construction Easement,No,2026-02-13,2026-03-15 01:44:31,Aynı ev farklı ilan no ile tekrar girilmiş,,,,
36122-1916,3700000,49333.33,Bahçelievler,Siyavuşpaşa,2.0,1,3,80.0,75.0,0.0,Entrance Floor,6.0,21.0,,,Combi Boiler,,1.0,Unfurnished,Tenant-occupied,0,,"North, South",,Eligible,Construction Easement,No,2026-02-13,2026-03-15 04:45:03,Aynı ev farklı ilan no ile tekrar girilmiş,,,,
45783-2750,4200000,70000.0,Esenler,Namık Kemal,2.0,1,3,70.0,60.0,3.0,,3.0,11.0,,,Combi Boiler,,1.0,Unfurnished,Vacant,0,,,,Eligible,Condominium Title,No,2026-02-13,2026-03-15 19:21:22,Aynı ev farklı ilan no ile tekrar girilmiş,,,,
45783-2567,7200000,110769.23,Esenler,15 Temmuz,2.0,1,3,82.0,65.0,1.0,,5.0,0.0,,,Central (Metered),,1.0,Unfurnished,Vacant,1,15 Temmuz Evleri,"North, East",,Not Eligible,Condominium Title,No,2026-02-13,2026-03-15 19:16:40,Aynı ev farklı ilan no ile tekrar girilmiş,,,,
45495-3086,8450000,76818.18,Bahçelievler,Bahçelievler,3.0,0,3,120.0,110.0,1.0,,11.0,30.0,Reinforced Concrete,Second-hand,Central,Natural Gas,1.0,Unfurnished,Tenant-occupied,0,,"South, East",1500.0,Eligible,Condominium Title,No,2026-02-13,2026-03-15 03:27:25,Aynı ev farklı ilan no ile tekrar girilmiş,,,,
7204-27277,4750000,59375.0,Eyüpsultan,Güzeltepe,2.0,1,3,90.0,80.0,1.0,,4.0,11.0,,,Combi Boiler,,1.0,Unfurnished,Owner-occupied,0,,"South, East, West",250.0,Eligible,Condominium Title,No,2026-02-13,2026-03-16 00:28:22,Aynı ev farklı ilan no ile tekrar girilmiş,,,,
52425-3477,4600000,92000.0,Bağcılar,Mahmutbey,1.0,1,2,75.0,50.0,16.0,,18.0,4.0,,,Central (Metered),,1.0,Unfurnished,Vacant,1,Core Living,,4300.0,Not Eligible,Condominium Title,No,2026-02-13,2026-03-15 02:49:11,Aynı ev farklı ilan no ile tekrar girilmiş,,,,
17997-1964,8000000,81632.65,Bakırköy,Kartaltepe,3.0,1,4,120.0,98.0,4.0,,5.0,31.0,,,Central,,2.0,Unfurnished,Tenant-occupied,0,,,,Not Eligible,Condominium Title,No,2026-02-13,2026-03-15 06:25:18,Aynı ev farklı ilan no ile tekrar girilmiş,,,,
128930-782,2650000,44166.67,Fatih,Seyyid Ömer,1.0,1,2,65.0,60.0,4.0,,4.0,38.0,Reinforced Concrete,,Combi Boiler,Natural Gas,1.0,Unfurnished,Owner-occupied,0,,"South, East",200.0,Eligible,Condominium Title,No,2026-02-13,2026-03-16 01:27:22,Aynı ev farklı ilan no ile tekrar girilmiş,,,,
165787-21,12650000,84333.33,Bahçelievler,Bahçelievler,4.0,1,5,165.0,150.0,1.0,,4.0,26.0,,,Combi Boiler,,2.0,Unfurnished,Owner-occupied,0,,South,,Eligible,Condominium Title,No,2026-02-13,2026-03-15 05:02:52,Aynı ev farklı ilan no ile tekrar girilmiş,,,,
8713-3688,19500000,146616.54,Bakırköy,Şenlikköy,3.0,1,4,155.0,133.0,,Mid Floor,4.0,21.0,Reinforced Concrete,Second-hand,Combi Boiler,Natural Gas,2.0,Unfurnished,Tenant-occupied,0,,South,,Eligible,Construction Easement,Yes,2026-02-13,2026-03-15 06:11:33,Aynı ev farklı ilan no ile tekrar girilmiş,,,,
165787-24,7500000,100000.0,Bahçelievler,Siyavuşpaşa,2.0,1,3,80.0,75.0,2.0,,5.0,6.0,,,Combi Boiler,,1.0,Unfurnished,Vacant,0,,South,,Eligible,Condominium Title,No,2026-02-13,2026-03-15 04:54:09,Aynı ev farklı ilan no ile tekrar girilmiş,,,,
144105-616,28500000,197916.67,Eyüpsultan,Göktürk Merkez,2.0,1,3,166.0,144.0,3.0,,6.0,0.0,,New,Central,Natural Gas,2.0,Unfurnished,Vacant,1,,,,Not Eligible,Construction Easement,No,2026-02-13,2026-03-16 00:45:40,Aynı ev farklı ilan no ile tekrar girilmiş,,,,
17780-20318,24000000,120000.0,Bakırköy,Şenlikköy,4.0,1,5,220.0,200.0,3.0,,4.0,25.0,Reinforced Concrete,Second-hand,Combi Boiler,Natural Gas,2.0,Unfurnished,Vacant,0,,"North, South, East, West",,Eligible,Condominium Title,No,2026-02-13,2026-03-15 07:00:06,Aynı ev farklı ilan no ile tekrar girilmiş,,,,
4753-17682,24000000,171428.57,Bakırköy,Şenlikköy,3.0,1,4,150.0,140.0,,Mid Floor,4.0,20.0,Reinforced Concrete,Second-hand,Combi Boiler,Natural Gas,1.0,Unfurnished,Vacant,0,,"South, East, West",,Eligible,Construction Easement,No,2026-02-13,2026-03-15 07:00:48,Aynı ev farklı ilan no ile tekrar girilmiş,,,,
165787-18,8250000,91666.67,Bahçelievler,Siyavuşpaşa,3.0,1,4,110.0,90.0,5.0,,6.0,0.0,,,Combi Boiler,,1.0,Unfurnished,Vacant,0,,South,,Eligible,Condominium Title,No,2026-02-13,2026-03-15 05:11:33,Aynı ev farklı ilan no ile tekrar girilmiş,,,,
3995-27141,10250000,113888.89,Bakırköy,Ataköy 2-5-6. Kısım,2.0,1,3,105.0,90.0,12.0,,14.0,31.0,,,Central,,1.0,Unfurnished,Tenant-occupied,0,,East,3500.0,Eligible,Condominium Title,No,2026-02-13,2026-03-15 06:39:56,Aynı ev farklı ilan no ile tekrar girilmiş,,,,
36122-1896,13500000,87096.77,Bahçelievler,Siyavuşpaşa,6.0,2,8,170.0,155.0,5.0,,5.0,5.0,,,Combi Boiler,,2.0,Unfurnished,Vacant,0,,"North, South",,Eligible,Condominium Title,No,2026-02-13,2026-03-15 05:08:20,Aynı ev farklı ilan no ile tekrar girilmiş,,,,
165787-20,12650000,84333.33,Bahçelievler,Bahçelievler,4.0,1,5,165.0,150.0,1.0,,4.0,26.0,,,Combi Boiler,,2.0,Unfurnished,Owner-occupied,0,,South,,Eligible,Condominium Title,No,2026-02-13,2026-03-15 05:07:40,Aynı ev farklı ilan no ile tekrar girilmiş,,,,
85342-1073,5398000,41523.08,Bahçelievler,Hürriyet,3.0,1,4,145.0,130.0,3.0,,4.0,21.0,,,Combi Boiler,,1.0,Unfurnished,Tenant-occupied,0,,"South, East",,Eligible,Condominium Title,No,2026-02-13,2026-03-15 04:59:01,Aynı ev farklı ilan no ile tekrar girilmiş,,,,
25299-9806,22500000,107142.86,Bahçelievler,Bahçelievler,5.0,2,7,220.0,210.0,4.0,,4.0,0.0,Reinforced Concrete,New,Combi Boiler,Natural Gas,3.0,Unfurnished,Vacant,0,,South,,Eligible,Condominium Title,No,2026-02-13,2026-03-15 05:09:26,Aynı ev farklı ilan no ile tekrar girilmiş,,,,
16200-2911,3250000,32500.0,Esenyurt,Akevler,2.0,1,3,110.0,100.0,17.0,,30.0,11.0,,,Central (Metered),,1.0,Unfurnished,Vacant,1,,West,42.0,Eligible,Construction Easement,No,2026-02-13,2026-03-15 22:42:19,Aynı ev farklı ilan no ile tekrar girilmiş,,,,
138031-1138,9500000,114457.83,Avcılar,Tahtakale,2.0,1,3,130.0,83.0,5.0,,8.0,0.0,,,Central (Metered),,2.0,Unfurnished,Vacant,1,Modern Yaka Ispartakule,South,,Eligible,Condominium Title,Yes,2026-02-13,2026-03-15 00:39:16,Aynı ev farklı ilan no ile tekrar girilmiş,,,,
88766-2648,7300000,81111.11,Fatih,Haseki Sultan,2.0,1,3,95.0,90.0,2.0,,3.0,0.0,Reinforced Concrete,New,Combi Boiler,Natural Gas,2.0,Unfurnished,Vacant,0,,"North, South",,Eligible,Construction Easement,No,2026-02-13,2026-03-16 02:23:53,Aynı ev farklı ilan no ile tekrar girilmiş,,,,
65936-12628,2000000,20000.0,Beylikdüzü,Cumhuriyet,2.0,1,3,110.0,100.0,,Mid Floor,7.0,7.0,,,Combi Boiler,,1.0,Unfurnished,Vacant,0,,,,Eligible,Condominium Title,,2026-02-13,2026-03-15 13:40:39,Aynı ev farklı ilan no ile tekrar girilmiş,,,,
136346-158,4350000,48333.33,Avcılar,Tahtakale,2.0,1,3,100.0,90.0,1.0,,6.0,0.0,,,Combi Boiler,,1.0,Unfurnished,Vacant,0,,"South, East",,Eligible,Construction Easement,No,2026-02-13,2026-03-15 00:34:48,Aynı ev farklı ilan no ile tekrar girilmiş,,,,
165889-16,18500000,102777.78,Bahçelievler,Bahçelievler,4.0,2,6,200.0,180.0,4.0,,4.0,0.0,,,Combi Boiler,,3.0,Unfurnished,Vacant,0,,"North, East, West",,Eligible,Condominium Title,No,2026-02-13,2026-03-15 04:09:41,Aynı ev farklı ilan no ile tekrar girilmiş,,,,
65936-12633,2000000,20000.0,Beylikdüzü,Cumhuriyet,2.0,1,3,110.0,100.0,,Mid Floor,5.0,7.0,,,Combi Boiler,,1.0,Unfurnished,Vacant,0,,,,Eligible,Condominium Title,,2026-02-13,2026-03-15 13:15:16,Aynı ev farklı ilan no ile tekrar girilmiş,,,,
36122-1915,18500000,168181.82,Bahçelievler,Bahçelievler,3.0,1,4,120.0,110.0,3.0,,4.0,0.0,,,Combi Boiler,,2.0,Unfurnished,Vacant,0,,"North, South",,Eligible,Construction Easement,No,2026-02-13,2026-03-15 03:58:06,Aynı ev farklı ilan no ile tekrar girilmiş,,,,
65936-12670,3000000,30000.0,Beylikdüzü,Beylikdüzü OSB,3.0,1,4,110.0,100.0,,Mid Floor,5.0,7.0,,,Combi Boiler,,1.0,Unfurnished,Vacant,0,,,,Eligible,Condominium Title,,2026-02-13,2026-03-15 14:07:18,Aynı ev farklı ilan no ile tekrar girilmiş,,,,
40658-22189,7250000,96666.67,Bağcılar,Fevzi Çakmak,2.0,1,3,130.0,75.0,1.0,,19.0,0.0,,,Central (Metered),,2.0,Unfurnished,Vacant,1,Selvi Park Evleri,"North, East",,Eligible,Condominium Title,No,2026-02-13,2026-03-15 02:23:11,Aynı ev farklı ilan no ile tekrar girilmiş,,,,
65936-12669,3000000,30000.0,Beylikdüzü,Beylikdüzü OSB,3.0,1,4,110.0,100.0,,Mid Floor,5.0,7.0,,,Combi Boiler,,1.0,Unfurnished,Vacant,0,,,,Eligible,Condominium Title,,2026-02-13,2026-03-15 14:13:49,Aynı ev farklı ilan no ile tekrar girilmiş,,,,
2525-19605,23000000,184000.0,Beşiktaş,Nisbetiye,3.0,1,4,150.0,125.0,4.0,,6.0,30.0,Reinforced Concrete,Second-hand,Combi Boiler,Natural Gas,2.0,,Vacant,0,,"South, East, West",,Eligible,Condominium Title,No,2026-02-13,2026-03-15 11:18:19,Aynı ev farklı ilan no ile tekrar girilmiş,,,,
88766-2659,3650000,48666.67,Fatih,Koca Mustafapaşa,2.0,1,3,80.0,75.0,0.0,Raised Ground,4.0,45.0,Reinforced Concrete,Second-hand,Combi Boiler,Natural Gas,1.0,Unfurnished,Vacant,0,,"North, South",,Eligible,Condominium Title,No,2026-02-13,2026-03-16 02:31:26,Aynı ev farklı ilan no ile tekrar girilmiş,,,,
69537-91255,22000000,183333.33,Beşiktaş,Vişnezade,3.0,1,4,135.0,120.0,4.0,,4.0,30.0,Reinforced Concrete,Second-hand,Central,Natural Gas,2.0,Furnished,Vacant,0,,,,Eligible,Condominium Title,,2026-02-13,2026-03-15 11:19:25,Aynı ev farklı ilan no ile tekrar girilmiş,,,,
160951-29,18000000,257142.86,Beşiktaş,Vişnezade,2.0,1,3,90.0,70.0,,Mid Floor,8.0,0.0,Reinforced Concrete,New,Combi Boiler,Natural Gas,1.0,,Vacant,0,,,,Eligible,Condominium Title,,2026-02-13,2026-03-15 10:50:22,Aynı ev farklı ilan no ile tekrar girilmiş,,,,
88766-2639,3650000,48666.67,Fatih,Koca Mustafapaşa,2.0,1,3,80.0,75.0,0.0,Raised Ground,3.0,45.0,Reinforced Concrete,Second-hand,Combi Boiler,Natural Gas,1.0,Unfurnished,Vacant,0,,South,,Eligible,Condominium Title,No,2026-02-13,2026-03-16 02:33:38,Aynı ev farklı ilan no ile tekrar girilmiş,,,,
120873-332,5200000,104000.0,Beşiktaş,Vişnezade,2.0,1,3,60.0,50.0,0.0,Raised Ground,4.0,31.0,Reinforced Concrete,Second-hand,Combi Boiler,Natural Gas,1.0,Unfurnished,Vacant,0,,,,Eligible,Condominium Title,No,2026-02-13,2026-03-15 10:40:39,Aynı ev farklı ilan no ile tekrar girilmiş,,,,
123077-667,4450000,68461.54,Beşiktaş,Muradiye,2.0,1,3,80.0,65.0,-1.0,Sub-level 1,4.0,31.0,,,Combi Boiler,,1.0,Unfurnished,Vacant,0,,"East, West",300.0,Eligible,Condominium Title,No,2026-02-13,2026-03-15 10:15:05,Aynı ev farklı ilan no ile tekrar girilmiş,,,,
88766-2608,6950000,71649.48,Fatih,Seyyid Ömer,2.0,1,3,107.0,97.0,3.0,,4.0,27.0,Reinforced Concrete,Second-hand,Combi Boiler,Natural Gas,1.0,Unfurnished,Vacant,0,,South,,Eligible,Condominium Title,No,2026-02-13,2026-03-16 02:35:35,Aynı ev farklı ilan no ile tekrar girilmiş,,,,
88766-2635,6975000,69750.0,Fatih,Silivrikapı,4.0,1,5,120.0,100.0,3.0,,4.0,0.0,Reinforced Concrete,New,Combi Boiler,Natural Gas,2.0,Unfurnished,Vacant,0,,North,,Eligible,Condominium Title,No,2026-02-13,2026-03-16 02:28:30,Aynı ev farklı ilan no ile tekrar girilmiş,,,,
65936-12644,2000000,20000.0,Beylikdüzü,Cumhuriyet,2.0,1,3,110.0,100.0,,Mid Floor,5.0,7.0,,,Combi Boiler,,1.0,Unfurnished,Vacant,0,,,,Eligible,Condominium Title,,2026-02-13,2026-03-15 12:40:09,Aynı ev farklı ilan no ile tekrar girilmiş,,,,
6428-6085,5400000,77142.86,Güngören,Haznedar,2.0,1,3,75.0,70.0,0.0,Raised Ground,4.0,5.0,,,Combi Boiler,,1.0,Unfurnished,Vacant,0,,South,,Eligible,Condominium Title,No,2026-02-13,2026-03-16 04:37:16,Aynı ev farklı ilan no ile tekrar girilmiş,,,,
85342-1122,5398000,41523.08,Bahçelievler,Hürriyet,3.0,1,4,145.0,130.0,3.0,,4.0,21.0,,,Combi Boiler,,1.0,Unfurnished,Tenant-occupied,0,,"South, East",,Eligible,Condominium Title,No,2026-02-13,2026-03-15 04:13:56,Aynı ev farklı ilan no ile tekrar girilmiş,,,,
65936-12643,2000000,20000.0,Beylikdüzü,Cumhuriyet,2.0,1,3,110.0,100.0,,Mid Floor,5.0,7.0,,,Combi Boiler,,1.0,Unfurnished,Vacant,0,,,,Eligible,Condominium Title,,2026-02-13,2026-03-15 12:31:34,Aynı ev farklı ilan no ile tekrar girilmiş,,,,
104751-190,17000000,91891.89,Beykoz,Soğuksu,4.0,1,5,250.0,185.0,,Penthouse,5.0,16.0,,,Combi Boiler,,3.0,Unfurnished,Owner-occupied,1,Sarı Konaklar Sitesi,East,5.0,Eligible,Condominium Title,Yes,2026-02-13,2026-03-15 11:43:50,Aynı ev farklı ilan no ile tekrar girilmiş,,,,
159595-112,3600000,40000.0,Güngören,Sanayi,3.0,1,4,110.0,90.0,4.0,,4.0,31.0,,,Combi Boiler,,1.0,Unfurnished,Vacant,0,,,,Eligible,Condominium Title,No,2026-02-13,2026-03-16 04:40:05,Aynı ev farklı ilan no ile tekrar girilmiş,,,,
88766-2644,3650000,48666.67,Fatih,Koca Mustafapaşa,2.0,1,3,80.0,75.0,0.0,Raised Ground,3.0,45.0,Reinforced Concrete,Second-hand,Combi Boiler,Natural Gas,1.0,Unfurnished,Vacant,0,,South,,Eligible,Condominium Title,No,2026-02-13,2026-03-16 02:29:07,Aynı ev farklı ilan no ile tekrar girilmiş,,,,
104751-214,14900000,110370.37,Beykoz,Soğuksu,3.0,1,4,147.0,135.0,0.0,Ground Floor,5.0,11.0,,,Combi Boiler,,1.0,Unfurnished,Owner-occupied,1,Beykoz Erguvan Evleri,South,6.0,Eligible,Construction Easement,No,2026-02-13,2026-03-15 11:45:02,Aynı ev farklı ilan no ile tekrar girilmiş,,,,
119974-438,8000000,50000.0,Çekmeköy,Ekşioğlu,4.0,2,6,180.0,160.0,4.0,,5.0,0.0,,,Combi Boiler,,2.0,Unfurnished,Vacant,0,,"North, South",,Eligible,Condominium Title,No,2026-02-13,2026-03-15 17:31:08,Aynı ev farklı ilan no ile tekrar girilmiş,,,,
36122-1912,4650000,42272.73,Bahçelievler,Siyavuşpaşa,3.0,1,4,120.0,110.0,3.0,,5.0,31.0,,,Combi Boiler,,1.0,Unfurnished,Owner-occupied,0,,"North, South",,Eligible,Construction Easement,No,2026-02-13,2026-03-15 03:41:07,Aynı ev farklı ilan no ile tekrar girilmiş,,,,
165787-11,16500000,157142.86,Bahçelievler,Bahçelievler,3.0,1,4,125.0,105.0,1.0,,4.0,0.0,,,Combi Boiler,,2.0,Unfurnished,Vacant,0,,"North, West",,Eligible,Construction Easement,No,2026-02-13,2026-03-15 05:26:36,Aynı ev farklı ilan no ile tekrar girilmiş,,,,
45495-3080,7200000,65454.55,Bahçelievler,Bahçelievler,3.0,1,4,120.0,110.0,2.0,,7.0,38.0,Reinforced Concrete,Second-hand,Central,Natural Gas,1.0,Unfurnished,Tenant-occupied,0,,"South, East",600.0,Eligible,Condominium Title,No,2026-02-13,2026-03-15 04:57:45,Aynı ev farklı ilan no ile tekrar girilmiş,,,,
9485-4002,4000000,57142.86,Fatih,Cerrahpaşa,2.0,1,3,80.0,70.0,0.0,Entrance Floor,4.0,31.0,,,Combi Boiler,,1.0,Unfurnished,Vacant,0,,,,Eligible,Condominium Title,No,2026-02-13,2026-03-16 02:42:34,Aynı ev farklı ilan no ile tekrar girilmiş,,,,
60707-470,5250000,80769.23,Gaziosmanpaşa,Bağlarbaşı,1.0,1,2,71.0,65.0,,Mid Floor,11.0,0.0,Reinforced Concrete,New,Central,Natural Gas,1.0,Unfurnished,Vacant,1,,"South, East",1.0,Eligible,No Title Deed,No,2026-02-13,2026-03-16 03:51:12,Aynı ev farklı ilan no ile tekrar girilmiş,,,,
165787-15,4950000,58235.29,Bahçelievler,Siyavuşpaşa,3.0,1,4,100.0,85.0,-1.0,Garden Floor,5.0,3.0,,,Combi Boiler,,1.0,Unfurnished,Vacant,0,,"South, West",,Eligible,Condominium Title,No,2026-02-13,2026-03-15 05:22:49,Aynı ev farklı ilan no ile tekrar girilmiş,,,,
85342-1074,5398000,41523.08,Bahçelievler,Hürriyet,3.0,1,4,145.0,130.0,3.0,,4.0,21.0,,,Combi Boiler,,1.0,Unfurnished,Tenant-occupied,0,,"South, East",,Eligible,Condominium Title,No,2026-02-13,2026-03-15 04:55:26,Aynı ev farklı ilan no ile tekrar girilmiş,,,,
130074-53,6800000,123636.36,Çekmeköy,Mehmet Akif,2.0,1,3,60.0,55.0,1.0,,6.0,0.0,Reinforced Concrete,New,Combi Boiler,Natural Gas,,Unfurnished,Vacant,0,,East,1.0,Eligible,Condominium Title,No,2026-02-13,2026-03-15 17:54:18,Aynı ev farklı ilan no ile tekrar girilmiş,,,,
165674-13,3600000,31304.35,Bağcılar,Çınar,3.0,1,4,125.0,115.0,1.0,,4.0,31.0,,,Combi Boiler,,1.0,Unfurnished,Owner-occupied,0,,"North, South",,Not Eligible,Land Title,No,2026-02-13,2026-03-15 02:21:45,Aynı ev farklı ilan no ile tekrar girilmiş,,,,
75964-2790,2895000,32166.67,Başakşehir,Bahçeşehir 2. Kısım,2.0,1,3,95.0,90.0,3.0,,5.0,11.0,,,Combi Boiler,,1.0,Unfurnished,Vacant,0,,"North, South, East, West",150.0,Eligible,Construction Easement,No,2026-02-13,2026-03-15 08:52:57,Aynı ev farklı ilan no ile tekrar girilmiş,,,,
68600-1477,10499999,39622.64,Büyükçekmece,Atatürk,3.0,2,5,280.0,265.0,4.0,,5.0,0.0,,,Combi Boiler,,2.0,Unfurnished,Vacant,1,,"South, East",,Eligible,Condominium Title,Yes,2026-02-13,2026-03-15 15:54:53,Aynı ev farklı ilan no ile tekrar girilmiş,,,,
165787-10,13500000,87096.77,Bahçelievler,Siyavuşpaşa,6.0,1,7,170.0,155.0,5.0,,5.0,5.0,,,Combi Boiler,,2.0,Unfurnished,Vacant,0,,South,,Eligible,Condominium Title,Yes,2026-02-13,2026-03-15 05:31:27,Aynı ev farklı ilan no ile tekrar girilmiş,,,,
165086-37,12000000,141176.47,Başakşehir,Kayabaşı,2.0,1,3,111.0,85.0,2.0,,4.0,0.0,,,Underfloor Heating,,2.0,Unfurnished,Vacant,1,,,,Not Eligible,No Title Deed,No,2026-02-13,2026-03-15 08:51:53,Aynı ev farklı ilan no ile tekrar girilmiş,,,,
692254-1101,19750000,125796.18,Başakşehir,Kayabaşı,4.0,1,5,208.0,157.0,6.0,,18.0,6.0,,,Central (Metered),,2.0,Unfurnished,Tenant-occupied,1,Park Mavera 1,"South, East",,Eligible,Condominium Title,No,2026-02-13,2026-03-15 08:46:52,Aynı ev farklı ilan no ile tekrar girilmiş,,,,
72721-1945,11700000,70909.09,Başakşehir,Bahçeşehir 2. Kısım,4.0,1,5,200.0,165.0,0.0,Raised Ground,7.0,21.0,,,Central (Metered),,2.0,Unfurnished,Vacant,1,Gül Sitesi,South,,Eligible,Condominium Title,No,2026-02-13,2026-03-15 08:39:14,Aynı ev farklı ilan no ile tekrar girilmiş,,,,
165787-22,5500000,50000.0,Bahçelievler,Kocasinan Merkez,3.0,1,4,120.0,110.0,3.0,,5.0,16.0,,,Combi Boiler,,1.0,Unfurnished,Owner-occupied,0,,South,,Eligible,Construction Easement,No,2026-02-13,2026-03-15 04:57:22,Aynı ev farklı ilan no ile tekrar girilmiş,,,,
65936-12711,2950000,31052.63,Avcılar,Mustafa Kemal Paşa,2.0,1,3,100.0,95.0,,Mid Floor,5.0,0.0,Reinforced Concrete,New,Combi Boiler,Natural Gas,2.0,Unfurnished,Vacant,0,,"North, South, East, West",100.0,Eligible,No Title Deed,Yes,2026-02-13,2026-03-15 00:45:02,Aynı ev farklı ilan no ile tekrar girilmiş,,,,
75964-2805,2290000,25444.44,Başakşehir,Bahçeşehir 2. Kısım,2.0,1,3,100.0,90.0,1.0,,5.0,6.0,,,Combi Boiler,,1.0,Unfurnished,Vacant,0,,"South, East",200.0,Eligible,Condominium Title,Yes,2026-02-13,2026-03-15 08:56:54,Aynı ev farklı ilan no ile tekrar girilmiş,,,,
45046-429,3250000,32500.0,Büyükçekmece,Cumhuriyet,3.0,1,4,110.0,100.0,-1.0,Garden Floor,4.0,16.0,,,Combi Boiler,,1.0,,Tenant-occupied,0,,,,Eligible,Construction Easement,No,2026-02-13,2026-03-15 16:11:00,Aynı ev farklı ilan no ile tekrar girilmiş,,,,
36122-1914,5200000,67532.47,Bahçelievler,Soğanlı,2.0,1,3,85.0,77.0,2.0,,4.0,11.0,,,Combi Boiler,,1.0,Unfurnished,Owner-occupied,0,,"North, South",,Eligible,Construction Easement,No,2026-02-13,2026-03-15 03:51:14,Aynı ev farklı ilan no ile tekrar girilmiş,,,,
87701-3671,3100000,41333.33,Başakşehir,Güvercintepe,1.0,1,2,85.0,75.0,1.0,,4.0,0.0,,,Combi Boiler,,1.0,Furnished,Vacant,0,,,100.0,Eligible,Construction Easement,Yes,2026-02-13,2026-03-15 08:48:20,Aynı ev farklı ilan no ile tekrar girilmiş,,,,
45783-2573,7900000,101282.05,Esenler,15 Temmuz,2.0,1,3,96.0,78.0,0.0,Ground Floor,5.0,0.0,,,Central (Metered),,2.0,Unfurnished,Vacant,1,15 Temmuz Evleri,"South, West",,Not Eligible,Condominium Title,No,2026-02-12,2026-03-15 19:18:02,Aynı ev farklı ilan no ile tekrar girilmiş,,,,
81475-6742,28500000,103636.36,Bahçelievler,Bahçelievler,6.0,2,8,300.0,275.0,4.0,,4.0,6.0,,,Combi Boiler,,2.0,Unfurnished,Vacant,0,,"North, South, East, West",,Not Eligible,Condominium Title,No,2026-02-12,2026-03-15 05:34:38,Aynı ev farklı ilan no ile tekrar girilmiş,,,,
45783-2574,7900000,101282.05,Esenler,15 Temmuz,2.0,1,3,96.0,78.0,0.0,Ground Floor,5.0,0.0,,,Central (Metered),,2.0,Unfurnished,Vacant,1,15 Temmuz Evleri,South,,Not Eligible,Condominium Title,No,2026-02-12,2026-03-15 19:17:53,Aynı ev farklı ilan no ile tekrar girilmiş,,,,
45783-2564,6900000,106153.85,Esenler,15 Temmuz,2.0,1,3,82.0,65.0,0.0,Ground Floor,5.0,0.0,,,Central (Metered),,1.0,Unfurnished,Vacant,1,15 Temmuz Evleri,"South, West",,Not Eligible,Condominium Title,No,2026-02-12,2026-03-15 19:17:03,Aynı ev farklı ilan no ile tekrar girilmiş,,,,
81475-6749,22500000,132352.94,Bahçelievler,Bahçelievler,3.0,2,5,214.0,170.0,4.0,,4.0,2.0,,,Underfloor Heating,,3.0,Unfurnished,Vacant,0,,"North, South, East, West",,Eligible,Condominium Title,No,2026-02-12,2026-03-15 05:26:29,Aynı ev farklı ilan no ile tekrar girilmiş,,,,
72595-3001,2390000,36769.23,Başakşehir,Bahçeşehir 2. Kısım,1.0,1,2,78.0,65.0,2.0,,4.0,0.0,,,Combi Boiler,,1.0,Unfurnished,Vacant,0,,"South, East",,Eligible,Condominium Title,Yes,2026-02-12,2026-03-15 08:33:03,Aynı ev farklı ilan no ile tekrar girilmiş,,,,
165881-27,7100000,88750.0,Bahçelievler,Soğanlı,2.0,1,3,90.0,80.0,3.0,,6.0,0.0,Reinforced Concrete,New,Combi Boiler,Natural Gas,1.0,Unfurnished,Vacant,0,,South,,Eligible,Condominium Title,No,2026-02-12,2026-03-15 04:34:32,Aynı ev farklı ilan no ile tekrar girilmiş,,,,
158130-190,44000000,478260.87,Beşiktaş,Akat,2.0,1,3,130.0,92.0,1.0,,5.0,0.0,,,Combi Boiler,,1.0,,Vacant,0,,"South, East",,Eligible,No Title Deed,No,2026-02-11,2026-03-15 10:55:28,Aynı ev farklı ilan no ile tekrar girilmiş,,,,
6680-23430,6200000,51666.67,Avcılar,Cihangir,3.0,1,4,130.0,120.0,,Mid Floor,5.0,0.0,Reinforced Concrete,New,Combi Boiler,Natural Gas,1.0,Unfurnished,Vacant,0,,South,500.0,Eligible,Condominium Title,No,2026-02-11,2026-03-15 01:42:04,Aynı ev farklı ilan no ile tekrar girilmiş,,,,
165666-19,9500000,63333.33,Güngören,Mareşal Çakmak,3.0,2,5,160.0,150.0,4.0,,4.0,0.0,,,Combi Boiler,,3.0,Unfurnished,Vacant,0,,,,Eligible,Condominium Title,No,2026-02-11,2026-03-16 04:32:33,Aynı ev farklı ilan no ile tekrar girilmiş,,,,
24435-4324,7175000,65227.27,Avcılar,Yeşilkent,3.0,1,4,150.0,110.0,4.0,,26.0,6.0,,,Central (Metered),,2.0,Furnished,Tenant-occupied,1,Göl Panorama Evleri,,,Eligible,Foreign Owner,No,2026-02-11,2026-03-14 23:57:32,Aynı ev farklı ilan no ile tekrar girilmiş,,,,
88766-2590,6950000,71649.48,Fatih,Seyyid Ömer,2.0,1,3,107.0,97.0,3.0,,5.0,27.0,Reinforced Concrete,Second-hand,Combi Boiler,Natural Gas,2.0,Unfurnished,Vacant,0,,South,,Eligible,Condominium Title,No,2026-02-10,2026-03-16 02:24:44,Aynı ev farklı ilan no ile tekrar girilmiş,,,,
88766-2657,2350000,31333.33,Fatih,Seyyid Ömer,2.0,1,3,80.0,75.0,-1.0,Semi-Basement,4.0,45.0,Reinforced Concrete,Second-hand,Combi Boiler,Natural Gas,1.0,Unfurnished,Vacant,0,,East,,Eligible,Condominium Title,No,2026-02-10,2026-03-16 02:32:27,Aynı ev farklı ilan no ile tekrar girilmiş,,,,
88766-2674,3600000,48000.0,Fatih,Seyyid Ömer,2.0,1,3,80.0,75.0,1.0,,4.0,45.0,Reinforced Concrete,Second-hand,Gas Stove,Natural Gas,1.0,Unfurnished,Owner-occupied,0,,"North, South",,Eligible,Condominium Title,No,2026-02-10,2026-03-16 02:02:59,Aynı ev farklı ilan no ile tekrar girilmiş,,,,
81705-11536,4250000,70833.33,Bahçelievler,Zafer,1.0,1,2,70.0,60.0,0.0,Raised Ground,5.0,0.0,,,Combi Boiler,,1.0,Unfurnished,Vacant,0,,"North, South",,Eligible,Condominium Title,No,2026-02-10,2026-03-15 04:56:59,Aynı ev farklı ilan no ile tekrar girilmiş,,,,
139432-115,9500000,118750.0,Beykoz,Soğuksu,2.0,1,3,106.0,80.0,-1.0,Garden Floor,5.0,26.0,,,Underfloor Heating,,1.0,Unfurnished,Owner-occupied,1,Sarı Konaklar Sitesi,,4700.0,Eligible,Condominium Title,No,2026-02-09,2026-03-15 11:35:22,Aynı ev farklı ilan no ile tekrar girilmiş,,,,
166168-12,4600000,67647.06,Bahçelievler,Siyavuşpaşa,2.0,1,3,80.0,68.0,0.0,Raised Ground,5.0,6.0,,,Combi Boiler,,1.0,Unfurnished,Vacant,0,,"South, East",,Eligible,Foreign Owner,No,2026-02-09,2026-03-15 04:33:52,Aynı ev farklı ilan no ile tekrar girilmiş,,,,
166199-17,6150000,76875.0,Bahçelievler,Zafer,2.0,1,3,85.0,80.0,5.0,,5.0,0.0,,,Combi Boiler,,1.0,Unfurnished,Vacant,0,,South,,Eligible,Condominium Title,No,2026-02-09,2026-03-15 04:29:39,Aynı ev farklı ilan no ile tekrar girilmiş,,,,
65187-4246,3400000,48571.43,Esenler,Tuna,2.0,1,3,80.0,70.0,0.0,Raised Ground,3.0,10.0,Reinforced Concrete,Second-hand,Combi Boiler,Natural Gas,1.0,Unfurnished,Vacant,0,,"North, South, East",200.0,Eligible,Condominium Title,Yes,2026-02-09,2026-03-15 18:38:30,Aynı ev farklı ilan no ile tekrar girilmiş,,,,
165787-17,8500000,113333.33,Bahçelievler,Siyavuşpaşa,2.0,1,3,90.0,75.0,1.0,,6.0,0.0,,,Combi Boiler,,1.0,Unfurnished,Vacant,0,,South,,Eligible,Construction Easement,No,2026-02-09,2026-03-15 05:15:20,Aynı ev farklı ilan no ile tekrar girilmiş,,,,
4753-17475,37500000,138888.89,Bakırköy,Şenlikköy,4.0,1,5,290.0,270.0,4.0,,4.0,20.0,Reinforced Concrete,Second-hand,Combi Boiler,Natural Gas,2.0,Unfurnished,Owner-occupied,0,,"South, East, West",,Eligible,Condominium Title,No,2026-02-08,2026-03-15 07:04:09,Aynı ev farklı ilan no ile tekrar girilmiş,,,,
129150-381,9900000,70714.29,Eyüpsultan,Güzeltepe,4.0,1,5,160.0,140.0,9.0,,10.0,0.0,,,Underfloor Heating,,2.0,Unfurnished,Vacant,0,,"South, West",,Eligible,Construction Easement,No,2026-02-08,2026-03-15 23:54:57,Aynı ev farklı ilan no ile tekrar girilmiş,,,,
151273-33,13500000,128571.43,Ataşehir,Küçükbakkalköy,3.0,1,4,130.0,105.0,3.0,,8.0,6.0,,,Combi Boiler,,1.0,Unfurnished,Owner-occupied,0,,South,500.0,Eligible,Condominium Title,No,2026-02-08,2026-03-14 22:38:28,Aynı ev farklı ilan no ile tekrar girilmiş,,,,
17780-20382,45000000,180000.0,Bakırköy,Şenlikköy,5.0,2,7,280.0,250.0,2.0,,3.0,0.0,Reinforced Concrete,New,Combi Boiler,Natural Gas,3.0,Unfurnished,Vacant,0,,"South, East",,Eligible,Condominium Title,No,2026-02-07,2026-03-15 06:30:51,Aynı ev farklı ilan no ile tekrar girilmiş,,,,
8525-57101,52000000,281081.08,Beşiktaş,Etiler,4.0,1,5,200.0,185.0,4.0,,7.0,31.0,,,Central (Metered),,2.0,Unfurnished,Tenant-occupied,0,,,,Eligible,Condominium Title,No,2026-02-07,2026-03-15 11:18:56,Aynı ev farklı ilan no ile tekrar girilmiş,,,,
165179-1,13500000,87096.77,Beylikdüzü,Adnan Kahveci,3.0,1,4,165.0,155.0,2.0,,5.0,0.0,,,Combi Boiler,,,,,0,,,,Eligible,Construction Easement,,2026-02-06,2026-03-15 14:13:34,Aynı ev farklı ilan no ile tekrar girilmiş,,,,
150567-9,6150000,76875.0,Bahçelievler,Zafer,2.0,1,3,85.0,80.0,5.0,,5.0,0.0,,,Combi Boiler,,1.0,Unfurnished,Vacant,0,,"North, South",,Eligible,Condominium Title,No,2026-02-06,2026-03-15 04:29:47,Aynı ev farklı ilan no ile tekrar girilmiş,,,,
17780-20431,12900000,86000.0,Bakırköy,Şenlikköy,3.0,1,4,170.0,150.0,2.0,,3.0,26.0,,,Combi Boiler,,2.0,Unfurnished,Tenant-occupied,0,,"South, East",,Eligible,Construction Easement,Yes,2026-02-06,2026-03-15 06:21:19,Aynı ev farklı ilan no ile tekrar girilmiş,,,,
17780-20430,22000000,120879.12,Bakırköy,Şenlikköy,3.0,1,4,192.0,182.0,5.0,,5.0,21.0,,,Combi Boiler,,2.0,Unfurnished,Tenant-occupied,1,Yüksel Konakları,"South, East",,Eligible,Condominium Title,No,2026-02-06,2026-03-15 06:24:55,Aynı ev farklı ilan no ile tekrar girilmiş,,,,
4638-2888,8500000,89473.68,Bahçelievler,Soğanlı,3.0,1,4,100.0,95.0,,Mid Floor,7.0,0.0,Reinforced Concrete,Under Construction,Combi Boiler,Natural Gas,1.0,Unfurnished,Vacant,0,,West,,Eligible,Land Title,No,2026-02-06,2026-03-15 05:27:25,Aynı ev farklı ilan no ile tekrar girilmiş,,,,
17780-20428,26500000,151428.57,Bakırköy,Şenlikköy,4.0,1,5,200.0,175.0,1.0,,3.0,26.0,,,Combi Boiler,,2.0,Unfurnished,Tenant-occupied,0,,East,,Eligible,Construction Easement,No,2026-02-06,2026-03-15 06:06:56,Aynı ev farklı ilan no ile tekrar girilmiş,,,,
17780-20423,26000000,101960.78,Bakırköy,Şenlikköy,4.0,1,5,270.0,255.0,0.0,Raised Ground,4.0,21.0,,,Combi Boiler,,2.0,Unfurnished,Vacant,1,Yüksel Konakları,"South, East",,Eligible,Condominium Title,No,2026-02-06,2026-03-15 06:08:08,Aynı ev farklı ilan no ile tekrar girilmiş,,,,
166229-2,2740000,42153.85,Eyüpsultan,Merkez,2.0,1,3,70.0,65.0,-1.0,Sub-level 1,4.0,6.0,,,Combi Boiler,,1.0,Furnished,Tenant-occupied,0,,"East, West",200.0,Eligible,Condominium Title,Yes,2026-02-06,2026-03-15 23:47:20,Aynı ev farklı ilan no ile tekrar girilmiş,,,,
166229-12,2600000,47272.73,Eyüpsultan,Sakarya,2.0,1,3,60.0,55.0,-1.0,Garden Floor,5.0,6.0,,,Combi Boiler,,1.0,Furnished,Tenant-occupied,0,,"North, South, East, West",,Eligible,Construction Easement,No,2026-02-06,2026-03-15 23:45:17,Aynı ev farklı ilan no ile tekrar girilmiş,,,,
69537-102445,7900000,83157.89,Beşiktaş,Türkali,2.0,1,3,110.0,95.0,5.0,,5.0,31.0,,,Floor Radiator,,1.0,Unfurnished,Tenant-occupied,0,,South,,Eligible,Condominium Title,No,2026-02-05,2026-03-15 11:19:03,Aynı ev farklı ilan no ile tekrar girilmiş,,,,
67379-2467,2250000,28125.0,Fatih,Silivrikapı,2.0,1,3,90.0,80.0,-1.0,Garden Floor,4.0,31.0,,,Combi Boiler,,1.0,Unfurnished,Tenant-occupied,0,,West,100.0,Eligible,Condominium Title,Yes,2026-02-05,2026-03-16 01:18:53,Aynı ev farklı ilan no ile tekrar girilmiş,,,,
118740-1702,3700000,41111.11,Eyüpsultan,Rami Cuma,3.0,1,4,105.0,90.0,2.0,,5.0,21.0,,,Combi Boiler,,1.0,Unfurnished,Tenant-occupied,0,,South,,Eligible,Construction Easement,No,2026-02-05,2026-03-16 00:43:20,Aynı ev farklı ilan no ile tekrar girilmiş,,,,
72595-3312,5950000,44074.07,Başakşehir,Bahçeşehir 2. Kısım,3.0,1,4,150.0,135.0,2.0,,4.0,0.0,,,Combi Boiler,,1.0,Unfurnished,Vacant,0,,"North, South, East, West",,Not Eligible,Condominium Title,No,2026-02-05,2026-03-15 08:22:00,Aynı ev farklı ilan no ile tekrar girilmiş,,,,
72595-3285,3900000,41052.63,Başakşehir,Bahçeşehir 2. Kısım,2.0,1,3,100.0,95.0,2.0,,3.0,0.0,,,Combi Boiler,,1.0,Unfurnished,Vacant,0,,"North, South, East, West",,Eligible,Condominium Title,No,2026-02-05,2026-03-15 08:24:22,Aynı ev farklı ilan no ile tekrar girilmiş,,,,
72595-3286,3494999,38833.32,Başakşehir,Bahçeşehir 2. Kısım,2.0,1,3,100.0,90.0,3.0,,6.0,6.0,,,Combi Boiler,,1.0,Unfurnished,Vacant,0,,"North, South, East, West",100.0,Not Eligible,Condominium Title,No,2026-02-04,2026-03-15 08:23:21,Aynı ev farklı ilan no ile tekrar girilmiş,,,,
166168-7,4400000,39639.64,Esenyurt,Orhan Gazi,3.0,1,4,165.0,111.0,,21 and Above,30.0,0.0,,,Central (Metered),,2.0,Unfurnished,Vacant,1,Hayat Park 2,"South, East, West",,Not Eligible,Construction Easement,No,2026-02-04,2026-03-15 21:07:15,Aynı ev farklı ilan no ile tekrar girilmiş,,,,
72721-2010,7250000,69047.62,Başakşehir,Bahçeşehir 1. Kısım,3.0,1,4,118.0,105.0,6.0,,14.0,6.0,,,Central (Metered),,2.0,Unfurnished,Tenant-occupied,1,Vaditepe Bahçeşehir 4.Bölge,"East, West",4000.0,Eligible,No Title Deed,No,2026-02-04,2026-03-15 08:13:01,Aynı ev farklı ilan no ile tekrar girilmiş,,,,
132058-556,5700000,81428.57,Ataşehir,Esatpaşa,2.0,1,3,85.0,70.0,0.0,Raised Ground,4.0,5.0,,,Combi Boiler,,1.0,Unfurnished,Tenant-occupied,0,,South,,Eligible,Condominium Title,No,2026-02-03,2026-03-14 23:16:30,Aynı ev farklı ilan no ile tekrar girilmiş,,,,
136386-45,3750000,46875.0,Esenyurt,Mevlana,2.0,1,3,90.0,80.0,3.0,,14.0,21.0,,,Central,,1.0,Unfurnished,Tenant-occupied,1,Öğretmenler Sitesi,South,2500.0,Eligible,Condominium Title,No,2026-02-03,2026-03-15 20:46:43,Aynı ev farklı ilan no ile tekrar girilmiş,,,,
136386-44,1375000,18333.33,Esenyurt,Hürriyet,2.0,1,3,85.0,75.0,-1.0,Garden Floor,5.0,6.0,,,Combi Boiler,,1.0,Unfurnished,Vacant,0,,East,300.0,Eligible,Construction Easement,No,2026-02-03,2026-03-15 20:26:53,Aynı ev farklı ilan no ile tekrar girilmiş,,,,
7204-27413,9950000,99500.0,Eyüpsultan,Akşemsettin,3.0,1,4,120.0,100.0,4.0,,8.0,2.0,,,Combi Boiler,,2.0,,,0,,,800.0,Eligible,Condominium Title,No,2026-02-03,2026-03-16 00:47:59,Aynı ev farklı ilan no ile tekrar girilmiş,,,,
69537-91222,48000000,165517.24,Beşiktaş,Dikilitaş,5.0,1,6,315.0,290.0,5.0,,6.0,0.0,,,Combi Boiler,,4.0,Unfurnished,Vacant,0,,,,Eligible,Condominium Title,No,2026-02-03,2026-03-15 11:04:42,Aynı ev farklı ilan no ile tekrar girilmiş,,,,
44018-3514,13600000,90666.67,Bahçelievler,Bahçelievler,4.0,10,14,170.0,150.0,4.0,,4.0,5.0,Reinforced Concrete,,Combi Boiler,Natural Gas,20.0,Unfurnished,Vacant,0,,"East, West",1200.0,Eligible,Construction Easement,No,2026-02-03,2026-03-15 04:53:17,Aynı ev farklı ilan no ile tekrar girilmiş,,,,
141575-281,8250000,78571.43,Bahçelievler,Zafer,3.0,1,4,115.0,105.0,5.0,,6.0,0.0,,,Combi Boiler,,1.0,Unfurnished,Vacant,0,,"North, South",500.0,Eligible,Condominium Title,No,2026-02-02,2026-03-15 04:50:17,Aynı ev farklı ilan no ile tekrar girilmiş,,,,
65819-1136,12500000,100000.0,Başakşehir,Bahçeşehir 1. Kısım,3.0,1,4,165.0,125.0,19.0,,23.0,11.0,,,Central (Metered),,2.0,Unfurnished,Vacant,1,Mesa Nurol Bahçeşehir Evleri Sazlıbahçe,"South, East, West",,Eligible,Condominium Title,No,2026-02-02,2026-03-15 07:54:15,Aynı ev farklı ilan no ile tekrar girilmiş,,,,
33575-1916,10850000,108500.0,Bahçelievler,Bahçelievler,3.0,1,4,128.0,100.0,0.0,Entrance Floor,4.0,0.0,,,Combi Boiler,,2.0,Unfurnished,Vacant,0,,South,,Eligible,Construction Easement,No,2026-02-02,2026-03-15 04:01:27,Aynı ev farklı ilan no ile tekrar girilmiş,,,,
0-46050531,4500000,50000.0,Fatih,Seyyid Ömer,2.0,1,3,100.0,90.0,-1.0,Garden Floor,4.0,5.0,Reinforced Concrete,New,Combi Boiler,Natural Gas,1.0,Unfurnished,Tenant-occupied,0,,"North, South",100.0,Eligible,Condominium Title,No,2026-02-02,2026-03-16 01:17:10,Aynı ev farklı ilan no ile tekrar girilmiş,,,,
87701-3730,3200000,35555.56,Başakşehir,Güvercintepe,2.0,1,3,95.0,90.0,-1.0,Sub-level 1,4.0,5.0,,,Combi Boiler,,1.0,Unfurnished,Owner-occupied,0,,South,100.0,Eligible,Condominium Title,No,2026-02-01,2026-03-15 08:38:29,Aynı ev farklı ilan no ile tekrar girilmiş,,,,
145933-134,18000000,102857.14,Bakırköy,Şenlikköy,3.0,1,4,180.0,175.0,0.0,Raised Ground,3.0,21.0,Reinforced Concrete,,Combi Boiler,Natural Gas,2.0,Unfurnished,Vacant,0,,North,,Eligible,Condominium Title,No,2026-01-31,2026-03-15 06:54:13,Aynı ev farklı ilan no ile tekrar girilmiş,,,,
140956-249,5000000,90909.09,Eyüpsultan,Rami Cuma,2.0,1,3,122.0,55.0,1.0,,5.0,0.0,,,Combi Boiler,,1.0,Unfurnished,Vacant,0,,"South, West",,Eligible,Condominium Title,No,2026-01-31,2026-03-16 00:11:16,Aynı ev farklı ilan no ile tekrar girilmiş,,,,
136250-180,6950000,49642.86,Beylikdüzü,Barış,3.0,1,4,170.0,140.0,14.0,,15.0,6.0,,,Central (Metered),,2.0,Unfurnished,Vacant,1,Aris Park Residence,"South, East",,Eligible,Condominium Title,No,2026-01-31,2026-03-15 12:48:52,Aynı ev farklı ilan no ile tekrar girilmiş,,,,
0-45399248,4100000,48235.29,Arnavutköy,Mehmet Akif Ersoy,2.0,1,3,89.0,85.0,2.0,,2.0,16.0,,,Central (Metered),,1.0,,,1,"TOKİ Taşoluk Konutları (İstanbul, Arnavutköy, Mehmet Akif Ersoy)",,,Eligible,Condominium Title,,2026-01-17,2026-03-14 21:55:42,Aynı ev farklı ilan no ile tekrar girilmiş,,,,
34400-5264,14950000,186875.0,Kadıköy,Kozyatağı,3.0,1,4,100.0,80.0,3.0,,8.0,6.0,Reinforced Concrete,New,Combi Boiler,Natural Gas,2.0,Unfurnished,Owner-occupied,0,,"South, East",,Eligible,Condominium Title,No,,2026-03-17 00:59:36,Aynı ev farklı ilan no ile tekrar girilmiş,,,,
2501-1968,43000000,344000.0,Kadıköy,Fenerbahçe,3.0,1,4,155.0,125.0,3.0,,7.0,0.0,Reinforced Concrete,New,Combi Boiler,Natural Gas,2.0,Unfurnished,Vacant,0,,South,,Eligible,Condominium Title,No,,2026-03-17 01:00:57,Aynı ev farklı ilan no ile tekrar girilmiş,,,,
4286-7914,24950000,226818.18,Kadıköy,Suadiye,3.0,1,4,155.0,110.0,12.0,,12.0,5.0,Reinforced Concrete,Second-hand,Central (Metered),Natural Gas,2.0,Unfurnished,Owner-occupied,0,,"North, South, East, West",,Eligible,Condominium Title,No,,2026-03-17 01:10:21,Aynı ev farklı ilan no ile tekrar girilmiş,,,,
139746-659,24950000,226818.18,Kadıköy,Suadiye,3.0,1,4,155.0,110.0,12.0,,12.0,5.0,Reinforced Concrete,Second-hand,Central (Metered),Natural Gas,2.0,Unfurnished,Owner-occupied,0,,"North, South, East, West",,Eligible,Condominium Title,No,,2026-03-17 01:10:29,Aynı ev farklı ilan no ile tekrar girilmiş,,,,
110392-402,14500000,207142.86,Kadıköy,Bostancı,2.0,1,3,85.0,70.0,9.0,,14.0,0.0,,,Central (Metered),,1.0,Unfurnished,Vacant,1,,South,,Eligible,Construction Easement,No,,2026-03-17 01:11:15,Aynı ev farklı ilan no ile tekrar girilmiş,,,,
45254-4089,11250000,150000.0,Kadıköy,Kozyatağı,2.0,1,3,90.0,75.0,2.0,,8.0,18.0,Reinforced Concrete,Second-hand,Combi Boiler,Natural Gas,2.0,,Vacant,0,,"South, East, West",2000.0,Eligible,Condominium Title,No,,2026-03-17 01:20:54,Aynı ev farklı ilan no ile tekrar girilmiş,,,,
5089-1157,9950000,184259.26,Kadıköy,Kozyatağı,2.0,1,3,69.0,54.0,0.0,Raised Ground,7.0,0.0,,,Combi Boiler,,1.0,Unfurnished,Vacant,0,,"South, East",,Eligible,Condominium Title,No,,2026-03-17 01:27:03,Aynı ev farklı ilan no ile tekrar girilmiş,,,,
92946-1791,21950000,231052.63,Kadıköy,Erenköy,3.0,1,4,130.0,95.0,3.0,,13.0,6.0,,,Central (Metered),,2.0,Unfurnished,Vacant,1,Güneş Sitesi,"North, East",,Eligible,Usufruct Right,No,,2026-03-17 01:27:35,Aynı ev farklı ilan no ile tekrar girilmiş,,,,
26964-85971,18950000,231097.56,Kadıköy,Suadiye,2.0,1,3,105.0,82.0,6.0,,11.0,0.0,Reinforced Concrete,New,Central (Metered),Natural Gas,1.0,Unfurnished,Vacant,0,,"North, East",,Eligible,Construction Easement,,,2026-03-17 01:31:25,Aynı ev farklı ilan no ile tekrar girilmiş,,,,
14581-324,32500000,270833.33,Kadıköy,Erenköy,3.0,1,4,150.0,120.0,10.0,,12.0,0.0,,,Central (Metered),,2.0,Unfurnished,Vacant,0,,"South, East, West",,Not Eligible,Condominium Title,No,,2026-03-17 01:38:14,Aynı ev farklı ilan no ile tekrar girilmiş,,,,
164835-34,13950000,290625.0,Kadıköy,Caddebostan,1.0,1,2,60.0,48.0,8.0,,11.0,2.0,,,Central (Metered),,2.0,Unfurnished,Vacant,0,,"South, West",,Not Eligible,Condominium Title,No,,2026-03-17 01:38:23,Aynı ev farklı ilan no ile tekrar girilmiş,,,,
141971-413,23950000,252105.26,Kadıköy,Erenköy,3.0,1,4,125.0,95.0,8.0,,13.0,6.0,,,Central (Metered),,2.0,Unfurnished,Owner-occupied,0,,South,,Not Eligible,Condominium Title,No,,2026-03-17 01:38:59,Aynı ev farklı ilan no ile tekrar girilmiş,,,,
4286-7826,13450000,158235.29,Kadıköy,Kozyatağı,3.0,1,4,115.0,85.0,0.0,Entrance Floor,14.0,7.0,Reinforced Concrete,Second-hand,Central (Metered),Natural Gas,1.0,Unfurnished,Owner-occupied,0,,"North, East",,Eligible,Condominium Title,No,,2026-03-17 01:44:57,Aynı ev farklı ilan no ile tekrar girilmiş,,,,
164835-33,29950000,230384.62,Kadıköy,Erenköy,3.0,1,4,165.0,130.0,9.0,,13.0,6.0,,,Combi Boiler,,2.0,Unfurnished,Vacant,0,,"North, South, West",,Not Eligible,Condominium Title,No,,2026-03-17 01:47:24,Aynı ev farklı ilan no ile tekrar girilmiş,,,,
141971-412,13950000,253636.36,Kadıköy,Suadiye,2.0,1,3,75.0,55.0,3.0,,9.0,5.0,,,Combi Boiler,,1.0,Unfurnished,Vacant,0,,South,,Eligible,Condominium Title,No,,2026-03-17 01:47:51,Aynı ev farklı ilan no ile tekrar girilmiş,,,,
34400-5267,11650000,233000.0,Kadıköy,Erenköy,1.0,1,2,65.0,50.0,0.0,Raised Ground,8.0,0.0,,,Combi Boiler,Natural Gas,1.0,Unfurnished,Vacant,0,,"North, West",,Eligible,Condominium Title,No,,2026-03-17 01:51:37,Aynı ev farklı ilan no ile tekrar girilmiş,,,,
76986-88,26990000,230683.76,Kadıköy,Suadiye,3.0,1,4,148.0,117.0,7.0,,13.0,6.0,,,Central (Metered),,2.0,Unfurnished,Owner-occupied,0,,"South, East, West",,Eligible,Condominium Title,No,,2026-03-17 01:55:52,Aynı ev farklı ilan no ile tekrar girilmiş,,,,
159184-47,26495000,278894.74,Kadıköy,Göztepe,3.0,1,4,130.0,95.0,1.0,,13.0,6.0,,,Combi Boiler,,2.0,Unfurnished,Vacant,0,,"South, East, West",,Eligible,Condominium Title,No,,2026-03-17 01:56:46,Aynı ev farklı ilan no ile tekrar girilmiş,,,,
4714-5159,13900000,180519.48,Kadıköy,Kozyatağı,2.0,1,3,102.0,77.0,7.0,,10.0,0.0,Reinforced Concrete,New,Combi Boiler,Natural Gas,2.0,Unfurnished,Vacant,0,,South,,Eligible,Construction Easement,No,,2026-03-17 02:00:53,Aynı ev farklı ilan no ile tekrar girilmiş,,,,
92946-1785,18950000,231097.56,Kadıköy,Suadiye,2.0,1,3,105.0,82.0,6.0,,11.0,0.0,,,Central (Metered),,1.0,Unfurnished,Vacant,0,,East,,Eligible,Construction Easement,No,,2026-03-17 02:01:44,Aynı ev farklı ilan no ile tekrar girilmiş,,,,
1100-13145,14650000,266363.64,Kadıköy,Suadiye,2.0,1,3,75.0,55.0,5.0,,7.0,0.0,Reinforced Concrete,New,Combi Boiler,Natural Gas,1.0,Unfurnished,Vacant,0,,,,Eligible,Construction Easement,No,,2026-03-17 02:02:09,Aynı ev farklı ilan no ile tekrar girilmiş,,,,
131017-274,20750000,218421.05,Kadıköy,Erenköy,3.0,1,4,125.0,95.0,2.0,,12.0,6.0,,,Central (Metered),,1.0,Unfurnished,Tenant-occupied,0,,"South, West",,Eligible,Construction Easement,No,,2026-03-17 02:02:38,Aynı ev farklı ilan no ile tekrar girilmiş,,,,
5555-37016,12600000,180000.0,Kadıköy,Erenköy,2.0,1,3,90.0,70.0,4.0,,10.0,0.0,Reinforced Concrete,New,Combi Boiler,Natural Gas,1.0,Unfurnished,Vacant,0,,"South, East",,Eligible,Condominium Title,No,,2026-03-17 02:04:14,Aynı ev farklı ilan no ile tekrar girilmiş,,,,
62823-8137,18250000,190104.17,Kadıköy,Bostancı,3.0,1,4,130.0,96.0,1.0,,7.0,0.0,Reinforced Concrete,New,Combi Boiler,Natural Gas,2.0,Unfurnished,Vacant,0,,"South, West",,Eligible,Construction Easement,No,,2026-03-17 02:05:12,Aynı ev farklı ilan no ile tekrar girilmiş,,,,
14581-326,14500000,207142.86,Kadıköy,Bostancı,2.0,1,3,90.0,70.0,9.0,,14.0,0.0,,,Central (Metered),,1.0,Unfurnished,Vacant,0,,"North, West",,Not Eligible,Construction Easement,No,,2026-03-17 02:07:28,Aynı ev farklı ilan no ile tekrar girilmiş,,,,
71032-3713,25950000,273157.89,Kadıköy,Caddebostan,3.0,1,4,125.0,95.0,8.0,,14.0,6.0,,,Combi Boiler,,2.0,Unfurnished,Vacant,0,,"South, East",,Eligible,Condominium Title,No,,2026-03-17 02:08:49,Aynı ev farklı ilan no ile tekrar girilmiş,,,,
76986-86,20750000,218421.05,Kadıköy,Erenköy,3.0,1,4,125.0,95.0,2.0,,14.0,6.0,,,Central (Metered),,1.0,Unfurnished,Tenant-occupied,0,,"South, West",,Eligible,Construction Easement,No,,2026-03-17 02:09:16,Aynı ev farklı ilan no ile tekrar girilmiş,,,,
137744-427,26750000,230603.45,Kadıköy,Suadiye,3.0,1,4,140.0,116.0,1.0,,10.0,4.0,,,Combi Boiler,,2.0,Unfurnished,Owner-occupied,0,,South,,Eligible,Condominium Title,No,,2026-03-17 02:09:53,Aynı ev farklı ilan no ile tekrar girilmiş,,,,
135253-800,43000000,344000.0,Kadıköy,Fenerbahçe,3.0,1,4,155.0,125.0,3.0,,7.0,0.0,Reinforced Concrete,New,Combi Boiler,Natural Gas,2.0,Unfurnished,Vacant,0,,South,,Eligible,Condominium Title,No,,2026-03-17 02:15:57,Aynı ev farklı ilan no ile tekrar girilmiş,,,,
23761-81254,23950000,133055.56,Kadıköy,Erenköy,4.0,2,6,210.0,180.0,8.0,,8.0,0.0,Reinforced Concrete,,Combi Boiler,Natural Gas,4.0,,Vacant,0,,"South, West",,Eligible,Construction Easement,No,,2026-03-17 02:17:49,Aynı ev farklı ilan no ile tekrar girilmiş,,,,
137744-419,23950000,252105.26,Kadıköy,Suadiye,3.0,1,4,120.0,95.0,8.0,,9.0,5.0,,,Combi Boiler,,2.0,Unfurnished,Vacant,0,,"North, South, East",2000.0,Eligible,Condominium Title,No,,2026-03-17 02:18:15,Aynı ev farklı ilan no ile tekrar girilmiş,,,,
2848-2254,27500000,233050.85,Kadıköy,Suadiye,3.0,1,4,148.0,118.0,8.0,,11.0,0.0,,,Central,,2.0,Unfurnished,Vacant,0,,"South, East",,Not Eligible,Construction Easement,No,,2026-03-17 02:23:41,Aynı ev farklı ilan no ile tekrar girilmiş,,,,
135253-778,14650000,266363.64,Kadıköy,Suadiye,2.0,1,3,75.0,55.0,5.0,,7.0,0.0,Reinforced Concrete,New,Combi Boiler,Natural Gas,1.0,Unfurnished,Vacant,0,,South,,Eligible,Condominium Title,No,,2026-03-17 02:25:23,Aynı ev farklı ilan no ile tekrar girilmiş,,,,
23761-81245,24950000,226818.18,Kadıköy,Suadiye,3.0,1,4,155.0,110.0,12.0,,12.0,5.0,Reinforced Concrete,,Central (Metered),Natural Gas,2.0,,Owner-occupied,0,,"North, South, East, West",,Eligible,Condominium Title,No,,2026-03-17 02:27:39,Aynı ev farklı ilan no ile tekrar girilmiş,,,,
162184-54,12650000,180714.29,Kadıköy,Erenköy,2.0,1,3,85.0,70.0,4.0,,10.0,0.0,Reinforced Concrete,New,Combi Boiler,Natural Gas,1.0,Unfurnished,Vacant,0,,"South, East",,Eligible,Construction Easement,No,,2026-03-17 02:28:06,Aynı ev farklı ilan no ile tekrar girilmiş,,,,
130054-879,26500000,278947.37,Kadıköy,Göztepe,3.0,1,4,130.0,95.0,1.0,,13.0,6.0,,,Combi Boiler,,2.0,Unfurnished,Vacant,0,,"South, East, West",,Eligible,Condominium Title,No,,2026-03-17 02:28:14,Aynı ev farklı ilan no ile tekrar girilmiş,,,,
26619-11878,25750000,286111.11,Kadıköy,Suadiye,3.0,1,4,115.0,90.0,6.0,,13.0,0.0,,,Central (Metered),,2.0,Unfurnished,Vacant,0,,East,,Eligible,Construction Easement,No,,2026-03-17 02:31:31,Aynı ev farklı ilan no ile tekrar girilmiş,,,,
110392-398,30950000,176857.14,Kadıköy,Göztepe,4.0,1,5,220.0,175.0,6.0,,7.0,11.0,,,Combi Boiler,,3.0,Unfurnished,Vacant,0,,South,,Eligible,Condominium Title,No,,2026-03-17 02:31:39,Aynı ev farklı ilan no ile tekrar girilmiş,,,,
5702-12155,19950000,210000.0,Kadıköy,Suadiye,3.0,1,4,130.0,95.0,6.0,,10.0,6.0,,,Combi Boiler,,2.0,Unfurnished,Owner-occupied,0,,"North, South, West",,Eligible,Condominium Title,No,,2026-03-17 02:31:57,Aynı ev farklı ilan no ile tekrar girilmiş,,,,
139396-70,55000000,341614.91,Kadıköy,Caddebostan,4.0,1,5,178.0,161.0,11.0,,13.0,0.0,,,Central (Metered),,3.0,Unfurnished,Vacant,0,,"South, East, West",,Eligible,Condominium Title,No,,2026-03-17 02:33:02,Aynı ev farklı ilan no ile tekrar girilmiş,,,,
163636-15,13950000,290625.0,Kadıköy,Caddebostan,1.0,1,2,60.0,48.0,8.0,,11.0,2.0,Reinforced Concrete,New,Combi Boiler,Natural Gas,1.0,Unfurnished,Vacant,0,,"South, West",,Not Eligible,Condominium Title,No,,2026-03-17 02:34:52,Aynı ev farklı ilan no ile tekrar girilmiş,,,,
142510-695,45000000,375000.0,Kadıköy,Caddebostan,3.0,1,4,160.0,120.0,2.0,,3.0,0.0,,,Combi Boiler,,2.0,Unfurnished,Vacant,0,,"South, East",,Eligible,Condominium Title,No,,2026-03-17 02:37:21,Aynı ev farklı ilan no ile tekrar girilmiş,,,,
6030-767,13350000,190714.29,Kadıköy,Suadiye,2.0,1,3,90.0,70.0,0.0,Entrance Floor,10.0,6.0,,,Combi Boiler,,1.0,Unfurnished,Vacant,0,,"North, West",,Eligible,Condominium Title,No,,2026-03-17 02:39:42,Aynı ev farklı ilan no ile tekrar girilmiş,,,,
1606-2877,29950000,230384.62,Kadıköy,Erenköy,3.0,1,4,165.0,130.0,9.0,,13.0,6.0,,,Combi Boiler,,2.0,Unfurnished,Vacant,0,,"North, South, West",,Eligible,Condominium Title,No,,2026-03-17 02:40:23,Aynı ev farklı ilan no ile tekrar girilmiş,,,,
26619-11877,25750000,286111.11,Kadıköy,Suadiye,3.0,1,4,115.0,90.0,6.0,,13.0,0.0,,,Central (Metered),,2.0,Unfurnished,Vacant,0,,East,,Eligible,Construction Easement,No,,2026-03-17 02:41:40,Aynı ev farklı ilan no ile tekrar girilmiş,,,,
110392-395,22500000,204545.45,Kadıköy,Bostancı,3.0,1,4,140.0,110.0,3.0,,9.0,6.0,,,Combi Boiler,,2.0,Unfurnished,Vacant,0,,"North, South, West",,Eligible,Condominium Title,No,,2026-03-17 02:41:48,Aynı ev farklı ilan no ile tekrar girilmiş,,,,
7628-4148,13900000,180519.48,Kadıköy,Kozyatağı,2.0,1,3,102.0,77.0,7.0,,10.0,0.0,Reinforced Concrete,New,Combi Boiler,Natural Gas,1.0,Unfurnished,Vacant,0,,"South, West",,Eligible,Construction Easement,No,,2026-03-17 02:42:26,Aynı ev farklı ilan no ile tekrar girilmiş,,,,
149020-278,9950000,184259.26,Kadıköy,Kozyatağı,2.0,1,3,69.0,54.0,0.0,Raised Ground,7.0,0.0,Reinforced Concrete,New,Combi Boiler,Natural Gas,1.0,Unfurnished,,0,,"North, South, East, West",,Not Eligible,Condominium Title,No,,2026-03-17 02:42:35,Aynı ev farklı ilan no ile tekrar girilmiş,,,,
132489-1153,30950000,176857.14,Kadıköy,Göztepe,4.0,1,5,220.0,175.0,6.0,,7.0,11.0,,,Combi Boiler,,2.0,Unfurnished,Vacant,0,,"North, South, East, West",,Eligible,Condominium Title,No,,2026-03-17 02:42:45,Aynı ev farklı ilan no ile tekrar girilmiş,,,,
138068-1082,47000000,376000.0,Kadıköy,Fenerbahçe,3.0,1,4,160.0,125.0,4.0,,8.0,3.0,Reinforced Concrete,Second-hand,Underfloor Heating,Natural Gas,2.0,Unfurnished,Tenant-occupied,0,,South,,Eligible,Condominium Title,No,,2026-03-17 02:44:09,Aynı ev farklı ilan no ile tekrar girilmiş,,,,
1049-170953,23500000,235000.0,Kadıköy,Erenköy,3.0,1,4,135.0,100.0,8.0,,10.0,6.0,,,Combi Boiler,,2.0,Unfurnished,Owner-occupied,0,,,,Eligible,Condominium Title,No,,2026-03-17 02:45:53,Aynı ev farklı ilan no ile tekrar girilmiş,,,,
71032-3682,12950000,205555.56,Kadıköy,Kozyatağı,2.0,1,3,85.0,63.0,13.0,,14.0,2.0,,,Central (Metered),,1.0,Unfurnished,Owner-occupied,0,,"North, South, East",,Eligible,Condominium Title,No,,2026-03-17 02:46:28,Aynı ev farklı ilan no ile tekrar girilmiş,,,,
76986-81,14890000,148900.0,Kadıköy,Bostancı,3.0,1,4,120.0,100.0,10.0,,10.0,6.0,,,Combi Boiler,,1.0,Unfurnished,Tenant-occupied,0,,"South, West",,Eligible,Condominium Title,No,,2026-03-17 02:46:37,Aynı ev farklı ilan no ile tekrar girilmiş,,,,
145390-916,26750000,191071.43,Kadıköy,Erenköy,4.0,1,5,170.0,140.0,1.0,,14.0,6.0,Reinforced Concrete,Second-hand,Central (Metered),Natural Gas,2.0,Unfurnished,Vacant,0,,South,,Eligible,Usufruct Right,No,,2026-03-17 02:50:17,Aynı ev farklı ilan no ile tekrar girilmiş,,,,
138068-1026,14650000,266363.64,Kadıköy,Suadiye,2.0,1,3,75.0,55.0,5.0,,7.0,0.0,Reinforced Concrete,New,Combi Boiler,Natural Gas,,Unfurnished,Vacant,0,,South,,Eligible,Condominium Title,No,,2026-03-17 02:52:05,Aynı ev farklı ilan no ile tekrar girilmiş,,,,
92946-1777,20750000,218421.05,Kadıköy,Erenköy,3.0,1,4,125.0,95.0,2.0,,14.0,6.0,,,Central (Metered),,1.0,Unfurnished,Tenant-occupied,0,,"South, West",,Eligible,Construction Easement,No,,2026-03-17 02:54:37,Aynı ev farklı ilan no ile tekrar girilmiş,,,,
76986-78,26500000,278947.37,Kadıköy,Göztepe,3.0,1,4,130.0,95.0,1.0,,13.0,6.0,,,Combi Boiler,,2.0,Unfurnished,Vacant,0,,"South, East, West",,Eligible,Condominium Title,No,,2026-03-17 02:55:07,Aynı ev farklı ilan no ile tekrar girilmiş,,,,
34400-5255,23950000,252105.26,Kadıköy,Erenköy,3.0,1,4,125.0,95.0,8.0,,13.0,6.0,Reinforced Concrete,,Central (Metered),Natural Gas,2.0,Unfurnished,Owner-occupied,0,,,,Eligible,Condominium Title,No,,2026-03-17 02:56:31,Aynı ev farklı ilan no ile tekrar girilmiş,,,,
1630-2325,13950000,290625.0,Kadıköy,Caddebostan,1.0,1,2,60.0,48.0,8.0,,11.0,2.0,Reinforced Concrete,Second-hand,Combi Boiler,Natural Gas,2.0,Unfurnished,Vacant,0,,"South, West",,Eligible,Condominium Title,No,,2026-03-17 02:56:59,Aynı ev farklı ilan no ile tekrar girilmiş,,,,
165517-4,25950000,273157.89,Kadıköy,Caddebostan,3.0,1,4,125.0,95.0,8.0,,14.0,6.0,,,Combi Boiler,,2.0,,Vacant,0,,North,,Eligible,Condominium Title,No,,2026-03-17 02:58:27,Aynı ev farklı ilan no ile tekrar girilmiş,,,,
3433-10150,11250000,150000.0,Kadıköy,Kozyatağı,2.0,1,3,90.0,75.0,2.0,,9.0,17.0,Reinforced Concrete,Second-hand,Combi Boiler,Natural Gas,2.0,Furnished,Tenant-occupied,0,,South,,Eligible,Condominium Title,No,,2026-03-17 03:00:49,Aynı ev farklı ilan no ile tekrar girilmiş,,,,
139746-575,23000000,164285.71,Kadıköy,Kozyatağı,4.0,1,5,170.0,140.0,13.0,,13.0,1.0,Reinforced Concrete,New,Central (Metered),Natural Gas,2.0,Unfurnished,Vacant,0,,"North, East",,Eligible,Condominium Title,No,,2026-03-17 03:01:15,Aynı ev farklı ilan no ile tekrar girilmiş,,,,
33559-5715,22549000,163398.55,Kadıköy,Fenerbahçe,3.0,1,4,150.0,138.0,3.0,,4.0,31.0,,,Combi Boiler,,2.0,Unfurnished,Vacant,0,,East,500.0,Not Eligible,Shared Title,No,,2026-03-17 03:03:12,Aynı ev farklı ilan no ile tekrar girilmiş,,,,
76986-75,30950000,247600.0,Kadıköy,Erenköy,3.0,1,4,160.0,125.0,6.0,,7.0,11.0,,,Underfloor Heating,,2.0,Unfurnished,Vacant,1,Nesiller Sitesi,South,,Eligible,Condominium Title,No,,2026-03-17 03:04:25,Aynı ev farklı ilan no ile tekrar girilmiş,,,,
142510-681,28750000,250000.0,Kadıköy,Caddebostan,3.0,1,4,150.0,115.0,6.0,,6.0,1.0,,,Combi Boiler,,2.0,Unfurnished,Vacant,0,,"North, South, East, West",,Eligible,Condominium Title,No,,2026-03-17 03:04:44,Aynı ev farklı ilan no ile tekrar girilmiş,,,,
34400-5214,29950000,230384.62,Kadıköy,Erenköy,3.0,1,4,165.0,130.0,9.0,,13.0,6.0,,,Combi Boiler,Natural Gas,2.0,Unfurnished,Vacant,0,,"North, South, West",,Eligible,Condominium Title,No,,2026-03-17 03:06:01,Aynı ev farklı ilan no ile tekrar girilmiş,,,,
6030-768,18950000,231097.56,Kadıköy,Suadiye,2.0,1,3,105.0,82.0,6.0,,11.0,0.0,,,Central (Metered),,1.0,Unfurnished,Vacant,0,,"North, East, West",,Eligible,Construction Easement,No,,2026-03-17 03:07:10,Aynı ev farklı ilan no ile tekrar girilmiş,,,,
122463-2283,39000000,371428.57,Kadıköy,Fenerbahçe,3.0,1,4,135.0,105.0,9.0,,10.0,0.0,,,Underfloor Heating,,2.0,Unfurnished,Vacant,0,,"South, East",,Eligible,Condominium Title,No,,2026-03-17 03:08:47,Aynı ev farklı ilan no ile tekrar girilmiş,,,,
150747-473,4000000,80000.0,Kağıthane,Yeşilce,1.0,1,2,65.0,50.0,1.0,,4.0,6.0,,,Combi Boiler,,1.0,Unfurnished,Tenant-occupied,0,,"South, East",,Eligible,Condominium Title,No,,2026-03-17 03:42:08,Aynı ev farklı ilan no ile tekrar girilmiş,,,,
46572-11520,7400000,97368.42,Kağıthane,Yahya Kemal,2.0,1,3,105.0,76.0,7.0,,7.0,2.0,Reinforced Concrete,Second-hand,Central (Metered),Natural Gas,1.0,Unfurnished,Vacant,1,Yahya Kemal Sitesi,"South, West",2000.0,Eligible,Condominium Title,No,,2026-03-17 03:43:04,Aynı ev farklı ilan no ile tekrar girilmiş,,,,
3563-2189,5900000,75641.03,Kağıthane,Gültepe,2.0,1,3,85.0,78.0,10.0,,13.0,6.0,,,Combi Boiler,,1.0,Unfurnished,Owner-occupied,1,Rosehill Residence,"South, East",,Eligible,Condominium Title,No,,2026-03-17 04:01:54,Aynı ev farklı ilan no ile tekrar girilmiş,,,,
140253-242,9900000,60000.0,Kağıthane,Çeliktepe,3.0,1,4,230.0,165.0,5.0,,5.0,21.0,,,Combi Boiler,,1.0,Unfurnished,Tenant-occupied,0,,West,500.0,Eligible,Land Title,No,,2026-03-17 04:03:07,Aynı ev farklı ilan no ile tekrar girilmiş,,,,
118239-12992,5750000,47916.67,Kağıthane,Merkez,3.0,1,4,125.0,120.0,3.0,,4.0,11.0,,,Combi Boiler,Natural Gas,2.0,,Owner-occupied,0,,"South, East, West",,Eligible,Condominium Title,,,2026-03-17 04:05:41,Aynı ev farklı ilan no ile tekrar girilmiş,,,,
162786-23,8750000,58333.33,Kağıthane,Çeliktepe,3.0,1,4,160.0,150.0,5.0,,6.0,0.0,,,Central (Metered),,2.0,Unfurnished,Vacant,0,,"North, South",,Eligible,Condominium Title,No,,2026-03-17 04:10:33,Aynı ev farklı ilan no ile tekrar girilmiş,,,,
118239-12988,5750000,47916.67,Kağıthane,Merkez,3.0,1,4,125.0,120.0,3.0,,4.0,11.0,,,Combi Boiler,Natural Gas,2.0,,Vacant,0,,"South, East, West",,Eligible,Condominium Title,,,2026-03-17 04:10:52,Aynı ev farklı ilan no ile tekrar girilmiş,,,,
118239-12987,5750000,47916.67,Kağıthane,Yahya Kemal,3.0,1,4,125.0,120.0,3.0,,4.0,11.0,,,Combi Boiler,Natural Gas,2.0,,Owner-occupied,0,,"South, East, West",,Eligible,Condominium Title,,,2026-03-17 04:12:25,Aynı ev farklı ilan no ile tekrar girilmiş,,,,
118239-12989,5750000,47916.67,Kağıthane,Merkez,3.0,1,4,125.0,120.0,3.0,,4.0,11.0,,,Combi Boiler,Natural Gas,2.0,,Owner-occupied,0,,"South, East, West",,Eligible,Condominium Title,,,2026-03-17 04:18:13,Aynı ev farklı ilan no ile tekrar girilmiş,,,,
118239-12990,5750000,47916.67,Kağıthane,Yahya Kemal,3.0,1,4,125.0,120.0,3.0,,4.0,11.0,,,Combi Boiler,Natural Gas,2.0,,Owner-occupied,0,,"South, East, West",,Eligible,Condominium Title,,,2026-03-17 04:22:07,Aynı ev farklı ilan no ile tekrar girilmiş,,,,
118239-12963,5750000,47916.67,Kağıthane,Yahya Kemal,3.0,1,4,125.0,120.0,3.0,,4.0,11.0,,,Combi Boiler,Natural Gas,2.0,,Owner-occupied,0,,"South, East, West",,Eligible,Condominium Title,,,2026-03-17 04:49:33,Aynı ev farklı ilan no ile tekrar girilmiş,,,,
65982-2084,5600000,65882.35,Kağıthane,Emniyet Evleri,2.0,1,3,90.0,85.0,4.0,,5.0,21.0,,,Combi Boiler,,1.0,Unfurnished,Vacant,0,,"North, South",200.0,Not Eligible,Shared Title,No,,2026-03-17 04:57:06,Aynı ev farklı ilan no ile tekrar girilmiş,,,,
129150-313,5250000,65625.0,Kağıthane,Gültepe,2.0,1,3,90.0,80.0,-2.0,Sub-level 2,6.0,0.0,,,Combi Boiler,,1.0,Unfurnished,Vacant,0,,"South, East",,Eligible,Construction Easement,No,,2026-03-17 05:06:32,Aynı ev farklı ilan no ile tekrar girilmiş,,,,
7204-25894,7250000,55769.23,Kağıthane,Çağlayan,3.0,2,5,150.0,130.0,4.0,,4.0,4.0,,,Combi Boiler,,2.0,Unfurnished,Vacant,0,,"North, South, East, West",350.0,Eligible,Condominium Title,No,,2026-03-17 05:25:27,Aynı ev farklı ilan no ile tekrar girilmiş,,,,
162069-148,5550000,65294.12,Kağıthane,Merkez,2.0,1,3,90.0,85.0,0.0,Raised Ground,6.0,1.0,,,Combi Boiler,,1.0,Unfurnished,Vacant,0,,"North, South, East, West",200.0,Eligible,Condominium Title,No,,2026-03-17 05:27:17,Aynı ev farklı ilan no ile tekrar girilmiş,,,,
7204-26879,7250000,55769.23,Kağıthane,Çağlayan,3.0,2,5,150.0,130.0,4.0,,4.0,4.0,,,Combi Boiler,,2.0,Unfurnished,Tenant-occupied,0,,"South, East, West",600.0,Eligible,Condominium Title,No,,2026-03-17 05:31:20,Aynı ev farklı ilan no ile tekrar girilmiş,,,,
162069-184,3850000,45294.12,Kağıthane,Nurtepe,2.0,1,3,90.0,85.0,-1.0,Sub-level 1,5.0,6.0,,,Combi Boiler,,1.0,Unfurnished,Vacant,0,,,150.0,Eligible,Condominium Title,Yes,,2026-03-17 05:34:14,Aynı ev farklı ilan no ile tekrar girilmiş,,,,
7204-27443,11500000,82142.86,Kağıthane,Hürriyet,4.0,2,6,150.0,140.0,5.0,,5.0,0.0,,,Combi Boiler,,2.0,,,0,,,,Eligible,Construction Easement,,,2026-03-17 05:36:28,Aynı ev farklı ilan no ile tekrar girilmiş,,,,
7204-27441,6850000,85625.0,Kağıthane,Hürriyet,2.0,1,3,85.0,80.0,4.0,,5.0,0.0,,,Combi Boiler,,1.0,,,0,,,,Eligible,Construction Easement,,,2026-03-17 05:38:47,Aynı ev farklı ilan no ile tekrar girilmiş,,,,
43996-28187,6400000,80000.0,Kağıthane,Çeliktepe,3.0,1,4,88.0,80.0,-1.0,Garden Floor,4.0,0.0,Reinforced Concrete,New,Combi Boiler,Natural Gas,1.0,Unfurnished,Vacant,0,,"South, East, West",150.0,Eligible,Condominium Title,No,,2026-03-17 05:42:04,Aynı ev farklı ilan no ile tekrar girilmiş,,,,
43996-28122,6200000,77500.0,Kağıthane,Merkez,2.0,1,3,90.0,80.0,0.0,Raised Ground,5.0,0.0,Reinforced Concrete,New,Combi Boiler,Natural Gas,1.0,Unfurnished,Vacant,0,,"South, East, West",200.0,Eligible,Condominium Title,No,,2026-03-17 05:42:13,Aynı ev farklı ilan no ile tekrar girilmiş,,,,
43996-28081,4300000,61428.57,Kağıthane,Seyrantepe,2.0,1,3,75.0,70.0,2.0,,5.0,5.0,Reinforced Concrete,Second-hand,Combi Boiler,Natural Gas,,Unfurnished,Tenant-occupied,0,,"South, East, West",150.0,Eligible,Condominium Title,No,,2026-03-17 05:42:20,Aynı ev farklı ilan no ile tekrar girilmiş,,,,
43996-27928,3700000,74000.0,Kağıthane,Merkez,1.0,1,2,70.0,50.0,-1.0,Garden Floor,4.0,0.0,Reinforced Concrete,New,Combi Boiler,Natural Gas,1.0,Unfurnished,Vacant,0,,"South, East, West",100.0,Eligible,Condominium Title,No,,2026-03-17 05:48:51,Aynı ev farklı ilan no ile tekrar girilmiş,,,,
126619-63,7500000,100000.0,Kartal,Karlıktepe,2.0,1,3,85.0,75.0,2.0,,5.0,0.0,,,Underfloor Heating,,1.0,Unfurnished,Vacant,0,,"South, East, West",,Eligible,Construction Easement,No,,2026-03-17 05:53:37,Aynı ev farklı ilan no ile tekrar girilmiş,,,,
94022-601,7200000,112500.0,Kartal,Cumhuriyet,2.0,1,3,80.0,64.0,5.0,,6.0,0.0,Reinforced Concrete,New,Combi Boiler,Natural Gas,1.0,Unfurnished,Vacant,0,,East,300.0,Eligible,Construction Easement,No,,2026-03-17 06:28:05,Aynı ev farklı ilan no ile tekrar girilmiş,,,,
124093-499,9750000,112068.97,Kartal,Orhantepe,3.0,1,4,110.0,87.0,4.0,,5.0,3.0,,,Combi Boiler,,1.0,Unfurnished,Owner-occupied,0,,South,500.0,Eligible,Condominium Title,No,,2026-03-17 06:32:01,Aynı ev farklı ilan no ile tekrar girilmiş,,,,
160344-10,12250000,128947.37,Kartal,Kordonboyu,3.0,1,4,115.0,95.0,6.0,,17.0,0.0,,New,Underfloor Heating,,2.0,Unfurnished,Vacant,1,,,,Eligible,Construction Easement,,,2026-03-17 06:33:03,Aynı ev farklı ilan no ile tekrar girilmiş,,,,
33559-5725,4500000,47368.42,Kartal,Hürriyet,3.0,1,4,110.0,95.0,3.0,,5.0,21.0,Reinforced Concrete,Second-hand,Combi Boiler,Natural Gas,1.0,Unfurnished,Tenant-occupied,0,,"North, South, East, West",200.0,Eligible,Land Title,Yes,,2026-03-17 06:36:14,Aynı ev farklı ilan no ile tekrar girilmiş,,,,
3447-22028,13500000,90000.0,Kartal,Karlıktepe,4.0,2,6,185.0,150.0,5.0,,5.0,0.0,Reinforced Concrete,New,Combi Boiler,Natural Gas,3.0,Unfurnished,Vacant,0,,"South, East, West",650.0,Eligible,Condominium Title,Yes,,2026-03-17 06:43:48,Aynı ev farklı ilan no ile tekrar girilmiş,,,,
47907-3250,14000000,77777.78,Kartal,Cumhuriyet,4.0,1,5,218.0,180.0,4.0,,10.0,11.0,,,Combi Boiler,,2.0,Unfurnished,Tenant-occupied,0,,"South, West",,Eligible,Condominium Title,No,,2026-03-17 06:45:31,Aynı ev farklı ilan no ile tekrar girilmiş,,,,
151301-627,6650000,92361.11,Kartal,Soğanlık Yeni,2.0,1,3,85.0,72.0,3.0,,5.0,0.0,,,Combi Boiler,,1.0,Unfurnished,Vacant,0,,"South, East, West",500.0,Eligible,Condominium Title,No,,2026-03-17 07:05:24,Aynı ev farklı ilan no ile tekrar girilmiş,,,,
162634-105,8500000,113333.33,Kartal,Orhantepe,2.0,1,3,95.0,75.0,3.0,,6.0,0.0,,,Combi Boiler,,1.0,Unfurnished,Vacant,0,,"South, East, West",,Eligible,Condominium Title,No,,2026-03-17 07:08:28,Aynı ev farklı ilan no ile tekrar girilmiş,,,,
151301-375,7500000,48387.1,Kartal,Hürriyet,3.0,1,4,180.0,155.0,3.0,,3.0,0.0,,,Combi Boiler,,2.0,Unfurnished,Vacant,0,,"South, East, West",250.0,Eligible,Condominium Title,No,,2026-03-17 07:19:27,Aynı ev farklı ilan no ile tekrar girilmiş,,,,
130678-351,6100000,87142.86,Küçükçekmece,Yeşilova,2.0,1,3,75.0,70.0,3.0,,3.0,6.0,,,Combi Boiler,,1.0,Unfurnished,Owner-occupied,0,,,300.0,Eligible,Condominium Title,No,,2026-03-17 07:35:26,Aynı ev farklı ilan no ile tekrar girilmiş,,,,
135789-741,6750000,64285.71,Küçükçekmece,Cennet,2.0,1,3,120.0,105.0,0.0,Entrance Floor,5.0,0.0,,New,Underfloor Heating,,1.0,Unfurnished,Vacant,0,,,,Eligible,Foreign Owner,Yes,,2026-03-17 07:39:24,Aynı ev farklı ilan no ile tekrar girilmiş,,,,
108361-445,7600000,69090.91,Küçükçekmece,Sultan Murat,3.0,1,4,120.0,110.0,2.0,,3.0,4.0,,,Combi Boiler,,2.0,Unfurnished,Owner-occupied,0,,"East, West",,Eligible,Condominium Title,No,,2026-03-17 07:46:11,Aynı ev farklı ilan no ile tekrar girilmiş,,,,
104922-160,1850000,33636.36,Küçükçekmece,Mehmet Akif,1.0,1,2,60.0,55.0,-1.0,Garden Floor,4.0,6.0,,,Combi Boiler,,1.0,Unfurnished,Vacant,0,,North,100.0,Eligible,Condominium Title,No,,2026-03-17 07:48:34,Aynı ev farklı ilan no ile tekrar girilmiş,,,,
108361-423,3550000,41764.71,Küçükçekmece,Gültepe,2.0,1,3,90.0,85.0,-1.0,Garden Floor,3.0,11.0,,,Combi Boiler,,1.0,Unfurnished,Vacant,0,,"South, East",,Eligible,Foreign Owner,No,,2026-03-17 08:09:09,Aynı ev farklı ilan no ile tekrar girilmiş,,,,
130678-304,5390000,71866.67,Küçükçekmece,Fevzi Çakmak,2.0,1,3,80.0,75.0,1.0,,3.0,6.0,,,Combi Boiler,,1.0,Unfurnished,Vacant,0,,,,Eligible,Condominium Title,No,,2026-03-17 08:13:17,Aynı ev farklı ilan no ile tekrar girilmiş,,,,
161700-162,3850000,128333.33,Küçükçekmece,Tevfik Bey,1.0,0,1,40.0,30.0,3.0,,12.0,6.0,,,Central (Metered),,1.0,Unfurnished,Vacant,1,Toya Moda,East,2255.0,Eligible,Condominium Title,No,,2026-03-17 08:17:42,Aynı ev farklı ilan no ile tekrar girilmiş,,,,
103274-1430,3499000,58316.67,Küçükçekmece,Yeni Mahalle,2.0,1,3,75.0,60.0,-1.0,Garden Floor,4.0,3.0,,,Combi Boiler,,1.0,Unfurnished,Tenant-occupied,0,,South,500.0,Eligible,Condominium Title,No,,2026-03-17 08:36:10,Aynı ev farklı ilan no ile tekrar girilmiş,,,,
108361-438,4290000,71500.0,Küçükçekmece,Tevfik Bey,2.0,1,3,70.0,60.0,0.0,Raised Ground,4.0,0.0,,,Combi Boiler,,1.0,Unfurnished,Vacant,0,,South,,Eligible,Condominium Title,No,,2026-03-17 08:37:05,Aynı ev farklı ilan no ile tekrar girilmiş,,,,
103274-1429,3499000,58316.67,Küçükçekmece,Yeni Mahalle,2.0,1,3,75.0,60.0,-1.0,Garden Floor,4.0,3.0,Reinforced Concrete,Second-hand,Combi Boiler,Natural Gas,1.0,Unfurnished,Tenant-occupied,0,,South,500.0,Eligible,Condominium Title,No,,2026-03-17 08:39:01,Aynı ev farklı ilan no ile tekrar girilmiş,,,,
45748-7720,7250000,118852.46,Küçükçekmece,Fevzi Çakmak,2.0,1,3,115.0,61.0,6.0,,8.0,0.0,,New,Combi Boiler,Natural Gas,2.0,Unfurnished,Vacant,1,,"South, West",,Eligible,Construction Easement,No,,2026-03-17 08:46:02,Aynı ev farklı ilan no ile tekrar girilmiş,,,,
141460-247,7300000,45625.0,Küçükçekmece,Yeşilova,3.0,1,4,170.0,160.0,3.0,,3.0,5.0,Reinforced Concrete,New,Combi Boiler,Natural Gas,2.0,Unfurnished,Owner-occupied,0,,,,Eligible,Foreign Owner,No,,2026-03-17 08:49:14,Aynı ev farklı ilan no ile tekrar girilmiş,,,,
108361-421,6750000,75000.0,Küçükçekmece,Sultan Murat,2.0,1,3,95.0,90.0,6.0,,7.0,5.0,,,Combi Boiler,,1.0,Unfurnished,Owner-occupied,0,,,,Eligible,Condominium Title,No,,2026-03-17 08:52:03,Aynı ev farklı ilan no ile tekrar girilmiş,,,,
130678-293,7700000,45294.12,Küçükçekmece,Fevzi Çakmak,5.0,2,7,180.0,170.0,3.0,,3.0,6.0,,,Combi Boiler,,2.0,Unfurnished,Owner-occupied,0,,,,Eligible,Condominium Title,No,,2026-03-17 08:57:00,Aynı ev farklı ilan no ile tekrar girilmiş,,,,
130212-343,5500000,40740.74,Küçükçekmece,Cumhuriyet,3.0,1,4,145.0,135.0,0.0,Raised Ground,4.0,9.0,Reinforced Concrete,Second-hand,Combi Boiler,Natural Gas,1.0,Unfurnished,,0,,,,Eligible,Condominium Title,,,2026-03-17 08:58:25,Aynı ev farklı ilan no ile tekrar girilmiş,,,,
151853-355,3950000,56428.57,Küçükçekmece,Yeşilova,2.0,1,3,80.0,70.0,0.0,Entrance Floor,2.0,16.0,,,Combi Boiler,,1.0,Unfurnished,Vacant,0,,,,Eligible,Condominium Title,No,,2026-03-17 09:00:21,Aynı ev farklı ilan no ile tekrar girilmiş,,,,
61811-2200,10250000,58571.43,Küçükçekmece,Yeni Mahalle,4.0,2,6,200.0,175.0,4.0,,4.0,3.0,Reinforced Concrete,Second-hand,Combi Boiler,Natural Gas,2.0,Unfurnished,Tenant-occupied,0,,West,,Eligible,Condominium Title,No,,2026-03-17 09:00:54,Aynı ev farklı ilan no ile tekrar girilmiş,,,,
130212-342,5500000,40740.74,Küçükçekmece,Cumhuriyet,3.0,1,4,145.0,135.0,0.0,Raised Ground,4.0,9.0,Reinforced Concrete,Second-hand,Combi Boiler,Natural Gas,1.0,Unfurnished,Owner-occupied,0,,,,Eligible,Condominium Title,No,,2026-03-17 09:01:28,Aynı ev farklı ilan no ile tekrar girilmiş,,,,
32964-11228,5900000,84285.71,Küçükçekmece,Cennet,2.0,1,3,85.0,70.0,2.0,,5.0,0.0,Reinforced Concrete,New,Combi Boiler,Natural Gas,1.0,Unfurnished,Vacant,0,,West,300.0,Eligible,Condominium Title,,,2026-03-17 09:11:43,Aynı ev farklı ilan no ile tekrar girilmiş,,,,
152677-155,4250000,60714.29,Küçükçekmece,Mehmet Akif,2.0,1,3,75.0,70.0,1.0,,4.0,0.0,,,Combi Boiler,,1.0,Unfurnished,Vacant,0,,South,,Eligible,Condominium Title,No,,2026-03-17 09:20:53,Aynı ev farklı ilan no ile tekrar girilmiş,,,,
130678-346,5299000,66237.5,Küçükçekmece,Sultan Murat,2.0,1,3,90.0,80.0,1.0,,3.0,11.0,,,Combi Boiler,,1.0,Unfurnished,Vacant,0,,,,Eligible,Condominium Title,No,,2026-03-17 09:23:56,Aynı ev farklı ilan no ile tekrar girilmiş,,,,
160129-61,3250000,46428.57,Küçükçekmece,Mehmet Akif,2.0,1,3,75.0,70.0,0.0,Raised Ground,4.0,11.0,,,Combi Boiler,,1.0,Unfurnished,Tenant-occupied,0,,North,150.0,Eligible,Condominium Title,No,,2026-03-17 09:27:17,Aynı ev farklı ilan no ile tekrar girilmiş,,,,
130678-344,3150000,31500.0,Küçükçekmece,Gültepe,2.0,1,3,105.0,100.0,4.0,,5.0,31.0,,,Combi Boiler,,1.0,Unfurnished,Owner-occupied,0,,,250.0,Not Eligible,Land Title,No,,2026-03-17 09:28:32,Aynı ev farklı ilan no ile tekrar girilmiş,,,,
162951-124,6700000,83750.0,Küçükçekmece,Gültepe,2.0,1,3,90.0,80.0,1.0,,3.0,0.0,,,Combi Boiler,,1.0,Unfurnished,Vacant,0,,,,Eligible,Condominium Title,No,,2026-03-17 09:39:36,Aynı ev farklı ilan no ile tekrar girilmiş,,,,
21171-9971,3900000,43333.33,Küçükçekmece,Cumhuriyet,2.0,1,3,100.0,90.0,0.0,Entrance Floor,4.0,11.0,,,Combi Boiler,,1.0,Furnished,Tenant-occupied,0,,"North, West",250.0,Eligible,Condominium Title,No,,2026-03-17 09:43:34,Aynı ev farklı ilan no ile tekrar girilmiş,,,,
122410-600,2900000,41428.57,Küçükçekmece,Yeni Mahalle,2.0,1,3,80.0,70.0,-1.0,Garden Floor,3.0,6.0,,,Combi Boiler,,1.0,Unfurnished,Vacant,0,,"North, South, West",,Eligible,Condominium Title,No,,2026-03-17 09:44:14,Aynı ev farklı ilan no ile tekrar girilmiş,,,,
130678-338,5250000,75000.0,Küçükçekmece,Gültepe,2.0,1,3,80.0,70.0,1.0,,3.0,11.0,,,Combi Boiler,,1.0,Unfurnished,Tenant-occupied,0,,,250.0,Eligible,Condominium Title,No,,2026-03-17 09:46:25,Aynı ev farklı ilan no ile tekrar girilmiş,,,,
130678-281,5750000,71875.0,Küçükçekmece,Sultan Murat,2.0,1,3,85.0,80.0,2.0,,3.0,2.0,,,Combi Boiler,,1.0,Unfurnished,Vacant,0,,South,,Eligible,Condominium Title,No,,2026-03-17 09:53:57,Aynı ev farklı ilan no ile tekrar girilmiş,,,,
20751-29376,9350000,76639.34,Küçükçekmece,Atakent,3.0,1,4,132.0,122.0,12.0,,12.0,15.0,,,Combi Boiler,Natural Gas,1.0,Unfurnished,Tenant-occupied,0,,"South, East",3120.0,Eligible,Condominium Title,No,,2026-03-17 09:56:28,Aynı ev farklı ilan no ile tekrar girilmiş,,,,
161764-65,4800000,64000.0,Küçükçekmece,Mehmet Akif,2.0,1,3,80.0,75.0,2.0,,4.0,3.0,,,Combi Boiler,,1.0,Unfurnished,Owner-occupied,0,,South,,Eligible,Condominium Title,No,,2026-03-17 09:59:33,Aynı ev farklı ilan no ile tekrar girilmiş,,,,
161764-64,3250000,46428.57,Küçükçekmece,Mehmet Akif,2.0,1,3,75.0,70.0,0.0,Raised Ground,4.0,11.0,,,Combi Boiler,,1.0,Unfurnished,Tenant-occupied,0,,North,,Eligible,Condominium Title,No,,2026-03-17 10:05:46,Aynı ev farklı ilan no ile tekrar girilmiş,,,,
161764-63,1250000,15625.0,Küçükçekmece,Mehmet Akif,2.0,1,3,85.0,80.0,5.0,,8.0,26.0,,,Gas Stove,,1.0,Unfurnished,Tenant-occupied,0,,North,,Eligible,Shared Title,No,,2026-03-17 10:10:24,Aynı ev farklı ilan no ile tekrar girilmiş,,,,
31316-9908,8250000,103125.0,Küçükçekmece,Yeşilova,2.0,1,3,97.0,80.0,2.0,,3.0,0.0,Reinforced Concrete,New,Combi Boiler,Natural Gas,1.0,Unfurnished,Vacant,0,,"East, West",250.0,Eligible,Condominium Title,No,,2026-03-17 10:28:32,Aynı ev farklı ilan no ile tekrar girilmiş,,,,
32964-11225,6400000,75294.12,Küçükçekmece,Cennet,2.0,1,3,95.0,85.0,5.0,,10.0,0.0,Reinforced Concrete,New,Combi Boiler,,1.0,Unfurnished,,0,,West,,Eligible,Construction Easement,No,,2026-03-17 10:32:50,Aynı ev farklı ilan no ile tekrar girilmiş,,,,
8030-4436,5850000,73125.0,Maltepe,Bağlarbaşı,2.0,1,3,90.0,80.0,0.0,Raised Ground,4.0,10.0,Reinforced Concrete,Second-hand,Combi Boiler,Natural Gas,1.0,Unfurnished,Tenant-occupied,0,,South,,Eligible,Construction Easement,No,,2026-03-17 10:40:20,Aynı ev farklı ilan no ile tekrar girilmiş,,,,
58182-3378,13750000,114583.33,Maltepe,Altıntepe,3.0,1,4,145.0,120.0,4.0,,4.0,5.0,Reinforced Concrete,Second-hand,Combi Boiler,Natural Gas,2.0,Unfurnished,Owner-occupied,0,,"South, East, West",,Eligible,Condominium Title,No,,2026-03-17 10:43:55,Aynı ev farklı ilan no ile tekrar girilmiş,,,,
120587-790,12250000,153125.0,Maltepe,İdealtepe,2.0,1,3,90.0,80.0,1.0,,4.0,5.0,,,Combi Boiler,,1.0,Unfurnished,Vacant,0,,"South, East, West",1000.0,Eligible,Condominium Title,No,,2026-03-17 10:56:48,Aynı ev farklı ilan no ile tekrar girilmiş,,,,
150247-614,14950000,135909.09,Maltepe,İdealtepe,3.0,1,4,135.0,110.0,0.0,Entrance Floor,4.0,0.0,,,Underfloor Heating,,2.0,Unfurnished,Vacant,0,,"South, West",,Eligible,Condominium Title,No,,2026-03-17 11:11:22,Aynı ev farklı ilan no ile tekrar girilmiş,,,,
5121-11538,10750000,107500.0,Maltepe,İdealtepe,3.0,1,4,120.0,100.0,0.0,Raised Ground,4.0,6.0,,,Combi Boiler,,1.0,Unfurnished,Vacant,0,,"South, East, West",,Eligible,Condominium Title,No,,2026-03-17 11:27:08,Aynı ev farklı ilan no ile tekrar girilmiş,,,,
6213-15229,6950000,154444.44,Maltepe,İdealtepe,1.0,1,2,55.0,45.0,-1.0,Garden Floor,4.0,6.0,,,Combi Boiler,,1.0,Unfurnished,Vacant,0,,"South, East, West",,Eligible,Condominium Title,No,,2026-03-17 11:32:14,Aynı ev farklı ilan no ile tekrar girilmiş,,,,
76795-1797,12950000,112608.7,Maltepe,İdealtepe,3.0,1,4,150.0,115.0,1.0,,4.0,6.0,Reinforced Concrete,Second-hand,Combi Boiler,Natural Gas,1.0,Unfurnished,Owner-occupied,0,,"North, South, East, West",,Eligible,Condominium Title,No,,2026-03-17 11:43:39,Aynı ev farklı ilan no ile tekrar girilmiş,,,,
2608-7277,12750000,170000.0,Maltepe,Küçükyalı,2.0,1,3,89.0,75.0,,Mid Floor,5.0,0.0,Reinforced Concrete,Under Construction,Combi Boiler,Natural Gas,1.0,Unfurnished,Vacant,0,,,,Eligible,No Title Deed,Yes,,2026-03-17 11:44:55,Aynı ev farklı ilan no ile tekrar girilmiş,,,,
3419-134,8950000,119333.33,Maltepe,Altıntepe,2.0,1,3,85.0,75.0,2.0,,4.0,6.0,,,Combi Boiler,,1.0,Unfurnished,Vacant,0,,"North, East",,Eligible,Condominium Title,No,,2026-03-17 11:47:43,Aynı ev farklı ilan no ile tekrar girilmiş,,,,
1077-67209,21000000,127272.73,Maltepe,Yalı,4.0,1,5,210.0,165.0,7.0,,7.0,0.0,Reinforced Concrete,New,Combi Boiler,Natural Gas,2.0,Unfurnished,Vacant,0,,"South, East, West",,Eligible,Condominium Title,No,,2026-03-17 11:55:14,Aynı ev farklı ilan no ile tekrar girilmiş,,,,
126151-1558,7600000,101333.33,Maltepe,Çınar,2.0,1,3,85.0,75.0,-1.0,Garden Floor,5.0,0.0,,,Central (Metered),,1.0,Unfurnished,Vacant,0,,"South, West",,Eligible,Condominium Title,No,,2026-03-17 11:56:27,Aynı ev farklı ilan no ile tekrar girilmiş,,,,
62823-8106,11950000,170714.29,Maltepe,Zümrütevler,2.0,1,3,84.0,70.0,6.0,,18.0,1.0,Reinforced Concrete,Second-hand,Central (Metered),,2.0,Unfurnished,Owner-occupied,0,,"South, West",,Eligible,Condominium Title,No,,2026-03-17 12:00:07,Aynı ev farklı ilan no ile tekrar girilmiş,,,,
153412-203,5150000,79230.77,Maltepe,Zümrütevler,2.0,1,3,75.0,65.0,3.0,,4.0,6.0,,,Combi Boiler,,1.0,Unfurnished,Owner-occupied,0,,East,,Eligible,Construction Easement,No,,2026-03-17 12:03:31,Aynı ev farklı ilan no ile tekrar girilmiş,,,,
58182-3512,5250000,116666.67,Maltepe,Altıntepe,1.0,1,2,58.0,45.0,-1.0,Garden Floor,5.0,1.0,Reinforced Concrete,Second-hand,Combi Boiler,Natural Gas,1.0,Unfurnished,Vacant,0,,South,,Eligible,Condominium Title,No,,2026-03-17 12:14:52,Aynı ev farklı ilan no ile tekrar girilmiş,,,,
58790-433,6950000,139000.0,Maltepe,İdealtepe,1.0,1,2,60.0,50.0,-1.0,Garden Floor,4.0,6.0,,,Combi Boiler,,1.0,Unfurnished,Vacant,0,,West,,Eligible,Condominium Title,No,,2026-03-17 12:15:03,Aynı ev farklı ilan no ile tekrar girilmiş,,,,
3990-3488,8100000,81000.0,Maltepe,Feyzullah,3.0,1,4,120.0,100.0,1.0,,3.0,30.0,Reinforced Concrete,Second-hand,Combi Boiler,Natural Gas,1.0,Unfurnished,Vacant,0,,"South, West",,Eligible,Condominium Title,No,,2026-03-17 12:21:22,Aynı ev farklı ilan no ile tekrar girilmiş,,,,
131904-565,7750000,119230.77,Maltepe,Çınar,2.0,1,3,75.0,65.0,0.0,Raised Ground,4.0,0.0,,,Central (Metered),,1.0,Unfurnished,Vacant,0,,"South, West",,Eligible,Construction Easement,No,,2026-03-17 12:30:54,Aynı ev farklı ilan no ile tekrar girilmiş,,,,
6213-15224,7450000,114615.38,Maltepe,Küçükyalı,2.0,1,3,75.0,65.0,1.0,,3.0,6.0,,,Combi Boiler,,1.0,Unfurnished,Vacant,0,,"South, East, West",,Eligible,Construction Easement,No,,2026-03-17 12:31:25,Aynı ev farklı ilan no ile tekrar girilmiş,,,,
76795-1642,8950000,105294.12,Maltepe,İdealtepe,2.0,1,3,95.0,85.0,1.0,,4.0,6.0,Reinforced Concrete,Second-hand,Central (Metered),Natural Gas,1.0,Unfurnished,Owner-occupied,0,,"North, South, East, West",,Eligible,Condominium Title,No,,2026-03-17 12:32:39,Aynı ev farklı ilan no ile tekrar girilmiş,,,,
58182-3507,8450000,76818.18,Maltepe,İdealtepe,3.0,1,4,130.0,110.0,2.0,,5.0,30.0,Reinforced Concrete,Second-hand,Central,Natural Gas,2.0,Unfurnished,Vacant,0,,South,,Eligible,Construction Easement,No,,2026-03-17 12:36:41,Aynı ev farklı ilan no ile tekrar girilmiş,,,,
66056-10798,7600000,126666.67,Maltepe,Altıntepe,2.0,1,3,70.0,60.0,0.0,Raised Ground,5.0,0.0,Reinforced Concrete,New,Combi Boiler,Natural Gas,1.0,Unfurnished,Vacant,0,,West,,Eligible,Condominium Title,No,,2026-03-17 12:45:31,Aynı ev farklı ilan no ile tekrar girilmiş,,,,
26619-11900,10450000,149285.71,Maltepe,Altıntepe,2.0,1,3,80.0,70.0,3.0,,4.0,4.0,,,Combi Boiler,,2.0,Unfurnished,Vacant,0,,South,,Eligible,Condominium Title,No,,2026-03-17 12:47:44,Aynı ev farklı ilan no ile tekrar girilmiş,,,,
1158-2797,13750000,88709.68,Maltepe,Altayçeşme,4.0,2,6,165.0,155.0,3.0,,3.0,11.0,,,Combi Boiler,,2.0,Unfurnished,Owner-occupied,0,,"North, West",500.0,Eligible,Construction Easement,No,,2026-03-17 12:57:20,Aynı ev farklı ilan no ile tekrar girilmiş,,,,
1003-13751,12750000,127500.0,Maltepe,İdealtepe,3.0,1,4,120.0,100.0,2.0,,4.0,4.0,,,Combi Boiler,,1.0,Unfurnished,Owner-occupied,0,,"South, East",,Eligible,Condominium Title,No,,2026-03-17 12:58:51,Aynı ev farklı ilan no ile tekrar girilmiş,,,,
133124-562,11650000,89615.38,Maltepe,Altıntepe,3.0,1,4,145.0,130.0,1.0,,4.0,26.0,,,Combi Boiler,,2.0,Unfurnished,Vacant,0,,"South, East, West",,Eligible,Condominium Title,No,,2026-03-17 12:59:15,Aynı ev farklı ilan no ile tekrar girilmiş,,,,
46932-6402,10750000,107500.0,Maltepe,İdealtepe,3.0,1,4,120.0,100.0,0.0,Raised Ground,4.0,6.0,,,Combi Boiler,,1.0,Unfurnished,Vacant,0,,"North, South, East, West",,Eligible,Condominium Title,No,,2026-03-17 13:00:29,Aynı ev farklı ilan no ile tekrar girilmiş,,,,
133124-561,8975000,128214.29,Maltepe,Küçükyalı,2.0,1,3,80.0,70.0,1.0,,4.0,1.0,,,Combi Boiler,,1.0,Unfurnished,Owner-occupied,0,,"South, West",,Eligible,Condominium Title,No,,2026-03-17 13:04:26,Aynı ev farklı ilan no ile tekrar girilmiş,,,,
47907-3305,16500000,91666.67,Maltepe,Bağlarbaşı,5.0,2,7,220.0,180.0,5.0,,5.0,0.0,,,Combi Boiler,,3.0,Unfurnished,Vacant,0,,"North, South, East, West",,Not Eligible,Condominium Title,No,,2026-03-17 13:06:18,Aynı ev farklı ilan no ile tekrar girilmiş,,,,
66056-10700,13600000,113333.33,Maltepe,Altıntepe,3.0,1,4,145.0,120.0,4.0,,4.0,5.0,Reinforced Concrete,Second-hand,Combi Boiler,Natural Gas,2.0,Unfurnished,Owner-occupied,0,,,,Eligible,Condominium Title,No,,2026-03-17 13:11:27,Aynı ev farklı ilan no ile tekrar girilmiş,,,,
150247-602,6750000,160714.29,Maltepe,İdealtepe,1.0,1,2,50.0,42.0,0.0,Entrance Floor,4.0,6.0,,,Combi Boiler,,1.0,Unfurnished,Owner-occupied,0,,"South, West",500.0,Eligible,Condominium Title,No,,2026-03-17 13:18:35,Aynı ev farklı ilan no ile tekrar girilmiş,,,,
120587-754,6000000,75000.0,Maltepe,Küçükyalı,2.0,1,3,90.0,80.0,1.0,,4.0,26.0,,,Combi Boiler,,1.0,Unfurnished,Owner-occupied,0,,"South, East, West",,Eligible,Construction Easement,No,,2026-03-17 13:22:48,Aynı ev farklı ilan no ile tekrar girilmiş,,,,
133124-549,15750000,95454.55,Maltepe,İdealtepe,4.0,1,5,185.0,165.0,4.0,,4.0,6.0,,,Combi Boiler,,2.0,Unfurnished,Vacant,0,,"South, East, West",,Eligible,Condominium Title,No,,2026-03-17 13:30:28,Aynı ev farklı ilan no ile tekrar girilmiş,,,,
6213-15187,15500000,88571.43,Maltepe,Altıntepe,4.0,2,6,190.0,175.0,4.0,,4.0,21.0,,,Combi Boiler,,2.0,Unfurnished,Tenant-occupied,0,,"South, East, West",,Eligible,Condominium Title,No,,2026-03-17 13:31:24,Aynı ev farklı ilan no ile tekrar girilmiş,,,,
76795-1808,14750000,140476.19,Maltepe,İdealtepe,3.0,1,4,115.0,105.0,1.0,,4.0,6.0,Reinforced Concrete,New,Combi Boiler,Natural Gas,1.0,Unfurnished,Vacant,0,,"North, South, East, West",,Eligible,Condominium Title,No,,2026-03-17 13:31:59,Aynı ev farklı ilan no ile tekrar girilmiş,,,,
128786-1554,12500000,152439.02,Maltepe,İdealtepe,2.0,1,3,103.0,82.0,2.0,,4.0,0.0,,,Central (Metered),,1.0,Unfurnished,Vacant,0,,"South, East, West",,Eligible,Condominium Title,No,,2026-03-17 13:33:02,Aynı ev farklı ilan no ile tekrar girilmiş,,,,
120587-752,7350000,98000.0,Maltepe,Altıntepe,2.0,1,3,90.0,75.0,0.0,Entrance Floor,4.0,0.0,,,Combi Boiler,,1.0,Unfurnished,Vacant,0,,"South, East, West",,Eligible,Condominium Title,No,,2026-03-17 13:33:31,Aynı ev farklı ilan no ile tekrar girilmiş,,,,
6863-754,4650000,42272.73,Pendik,Doğu,3.0,1,4,130.0,110.0,3.0,,4.0,31.0,,,Combi Boiler,,1.0,Unfurnished,Owner-occupied,0,,East,,Eligible,Condominium Title,No,,2026-03-17 14:09:17,Aynı ev farklı ilan no ile tekrar girilmiş,,,,
104215-1765,12000000,133333.33,Pendik,Dumlupınar,3.0,1,4,115.0,90.0,1.0,,4.0,0.0,Reinforced Concrete,New,Combi Boiler,Natural Gas,2.0,Unfurnished,Vacant,0,,"North, South, East",,Eligible,Condominium Title,No,,2026-03-17 14:35:17,Aynı ev farklı ilan no ile tekrar girilmiş,,,,
159844-26,7250000,111538.46,Pendik,Dumlupınar,2.0,1,3,78.0,65.0,2.0,,4.0,0.0,Reinforced Concrete,New,Central (Metered),Natural Gas,1.0,Unfurnished,Vacant,1,,"North, South",,Eligible,Construction Easement,No,,2026-03-17 14:45:30,Aynı ev farklı ilan no ile tekrar girilmiş,,,,
53653-2697,4300000,58108.11,Pendik,Yayalar,1.0,1,2,75.0,74.0,2.0,,8.0,7.0,Reinforced Concrete,Second-hand,Combi Boiler,Natural Gas,1.0,Unfurnished,,0,,"South, East, West",500.0,Eligible,Condominium Title,No,,2026-03-17 15:17:40,Aynı ev farklı ilan no ile tekrar girilmiş,,,,
158773-57,18000000,105882.35,Pendik,Batı,4.0,2,6,220.0,170.0,5.0,,5.0,1.0,,,Combi Boiler,,2.0,Unfurnished,Owner-occupied,0,,"North, South, West",500.0,Eligible,Condominium Title,No,,2026-03-17 15:38:51,Aynı ev farklı ilan no ile tekrar girilmiş,,,,
124381-758,14900000,140566.04,Sancaktepe,Abdurrahmangazi,3.0,1,4,169.0,106.0,7.0,,12.0,6.0,,,Central (Metered),,2.0,Unfurnished,Vacant,1,Evre Gedizler,East,,Eligible,Condominium Title,No,,2026-03-17 16:59:03,Aynı ev farklı ilan no ile tekrar girilmiş,,,,
142540-174,5300000,66250.0,Sancaktepe,Yunus Emre,2.0,1,3,90.0,80.0,2.0,,3.0,0.0,,,Underfloor Heating,,1.0,Unfurnished,Vacant,0,,South,300.0,Eligible,Foreign Owner,Yes,,2026-03-17 17:15:11,Aynı ev farklı ilan no ile tekrar girilmiş,,,,
162870-39,5000000,62500.0,Sancaktepe,Veysel Karani,2.0,1,3,90.0,80.0,0.0,Raised Ground,7.0,0.0,Reinforced Concrete,,Combi Boiler,Natural Gas,1.0,Unfurnished,Vacant,0,,West,300.0,Eligible,Condominium Title,No,,2026-03-17 17:34:56,Aynı ev farklı ilan no ile tekrar girilmiş,,,,
27431-11529,5650000,75333.33,Sancaktepe,Meclis,2.0,0,2,95.0,75.0,0.0,Raised Ground,4.0,30.0,,,Combi Boiler,,1.0,Unfurnished,Owner-occupied,0,,"South, East",1500.0,Eligible,Construction Easement,No,,2026-03-17 17:37:58,Aynı ev farklı ilan no ile tekrar girilmiş,,,,
1441-1795,14000000,107692.31,Sarıyer,Maden,3.0,1,4,140.0,130.0,,Penthouse,3.0,5.0,Reinforced Concrete,Second-hand,Combi Boiler,Natural Gas,2.0,Unfurnished,Vacant,0,,"North, South, East, West",,Eligible,Construction Easement,No,,2026-03-17 18:35:46,Aynı ev farklı ilan no ile tekrar girilmiş,,,,
158514-79,13800000,57500.0,Sarıyer,Ayazağa,3.0,1,4,285.0,240.0,12.0,,12.0,6.0,,,Combi Boiler,,2.0,Furnished,Vacant,1,Green Pine Residence,South,2000.0,Eligible,Construction Easement,No,,2026-03-17 18:37:13,Aynı ev farklı ilan no ile tekrar girilmiş,,,,
95643-1816,14575000,112115.38,Sarıyer,Poligon,3.0,1,4,140.0,130.0,2.0,,4.0,21.0,,,Combi Boiler,,2.0,Unfurnished,Tenant-occupied,0,,"South, East, West",,Eligible,Condominium Title,No,,2026-03-18 00:14:02,Aynı ev farklı ilan no ile tekrar girilmiş,,,,
0-44996566,27500000,211538.46,Sarıyer,Maden,4.0,1,5,155.0,130.0,3.0,,5.0,5.0,Reinforced Concrete,Second-hand,Underfloor Heating,Natural Gas,2.0,Unfurnished,Owner-occupied,0,,"South, West",750.0,Eligible,Condominium Title,Yes,,2026-03-18 00:20:55,Aynı ev farklı ilan no ile tekrar girilmiş,,,,
42577-877,115000000,319444.44,Sarıyer,İstinye,5.0,1,6,500.0,360.0,-1.0,Garden Floor,2.0,11.0,,,Combi Boiler,,4.0,Unfurnished,Vacant,0,,South,24000.0,Eligible,Construction Easement,No,,2026-03-18 00:26:07,Aynı ev farklı ilan no ile tekrar girilmiş,,,,
39778-4099,34000000,136000.0,Sarıyer,Ferahevler,4.0,2,6,285.0,250.0,4.0,,4.0,0.0,Reinforced Concrete,New,Combi Boiler,Natural Gas,4.0,Unfurnished,Vacant,0,,"North, South, East",750.0,Eligible,Condominium Title,No,,2026-03-18 00:30:58,Aynı ev farklı ilan no ile tekrar girilmiş,,,,
43996-27974,8500000,118055.56,Sarıyer,Huzur,2.0,1,3,100.0,72.0,2.0,,4.0,1.0,Reinforced Concrete,New,Combi Boiler,Natural Gas,1.0,Unfurnished,Vacant,0,,"South, East",200.0,Eligible,Construction Easement,Yes,,2026-03-18 00:42:47,Aynı ev farklı ilan no ile tekrar girilmiş,,,,
43996-28158,9200000,65714.29,Sarıyer,Tarabya,3.0,1,4,180.0,140.0,0.0,Raised Ground,6.0,25.0,Reinforced Concrete,Second-hand,Combi Boiler,Natural Gas,1.0,Unfurnished,Vacant,0,,"South, East, West",1500.0,Eligible,Condominium Title,No,,2026-03-18 01:05:34,Aynı ev farklı ilan no ile tekrar girilmiş,,,,
2525-16173,118150000,492291.67,Sarıyer,İstinye,5.0,1,6,290.0,240.0,-1.0,Garden Floor,5.0,5.0,Reinforced Concrete,Second-hand,Central (Metered),Natural Gas,3.0,Unfurnished,Vacant,1,List İstinye Suites,,,Eligible,Condominium Title,No,,2026-03-18 01:22:59,Aynı ev farklı ilan no ile tekrar girilmiş,,,,
73493-2807,7800000,60000.0,Silivri,Yeni,3.0,1,4,152.0,130.0,0.0,Entrance Floor,5.0,0.0,,,Combi Boiler,,2.0,Unfurnished,Vacant,1,,"South, West",,Eligible,Condominium Title,Yes,,2026-03-18 01:59:04,Aynı ev farklı ilan no ile tekrar girilmiş,,,,
73493-2808,6500000,50000.0,Silivri,Yeni,3.0,1,4,145.0,130.0,0.0,Raised Ground,7.0,1.0,,,Combi Boiler,,2.0,Unfurnished,Vacant,0,,"North, East",,Eligible,Condominium Title,Yes,,2026-03-18 01:59:44,Aynı ev farklı ilan no ile tekrar girilmiş,,,,
132691-294,4290000,53625.0,Silivri,Alibey,2.0,1,3,90.0,80.0,5.0,,5.0,0.0,,,Combi Boiler,,1.0,Unfurnished,Vacant,0,,"North, West",,Not Eligible,Construction Easement,No,,2026-03-18 02:02:02,Aynı ev farklı ilan no ile tekrar girilmiş,,,,
132691-254,3000000,66666.67,Silivri,Mimar Sinan,1.0,1,2,50.0,45.0,1.0,,4.0,0.0,,,Underfloor Heating,,1.0,Unfurnished,Vacant,0,,,,Not Eligible,Construction Easement,Yes,,2026-03-18 02:09:45,Aynı ev farklı ilan no ile tekrar girilmiş,,,,
21867-2708,5950000,54090.91,Şişli,Mecidiyeköy,3.0,1,4,115.0,110.0,6.0,,8.0,16.0,,,Combi Boiler,,1.0,Unfurnished,Vacant,0,,"South, East",250.0,Not Eligible,Land Title,No,,2026-03-18 02:50:20,Aynı ev farklı ilan no ile tekrar girilmiş,,,,
95641-864,3500000,46666.67,Şişli,Feriköy,2.0,1,3,85.0,75.0,0.0,Raised Ground,5.0,35.0,Reinforced Concrete,Second-hand,Combi Boiler,Natural Gas,1.0,Unfurnished,Tenant-occupied,0,,"East, West",200.0,Eligible,Condominium Title,No,,2026-03-18 03:11:46,Aynı ev farklı ilan no ile tekrar girilmiş,,,,
95641-847,14500000,181250.0,Şişli,Cumhuriyet,2.0,1,3,90.0,80.0,3.0,,5.0,0.0,Reinforced Concrete,New,Combi Boiler,Natural Gas,1.0,Unfurnished,Vacant,0,,"East, West",500.0,Eligible,Condominium Title,No,,2026-03-18 03:14:19,Aynı ev farklı ilan no ile tekrar girilmiş,,,,
136229-573,15000000,125000.0,Şişli,Mecidiyeköy,3.0,1,4,130.0,120.0,4.0,,5.0,0.0,,,Combi Boiler,,1.0,Furnished,Vacant,0,,"South, East, West",,Eligible,Construction Easement,No,,2026-03-18 03:14:55,Aynı ev farklı ilan no ile tekrar girilmiş,,,,
136229-578,10500000,175000.0,Şişli,Mecidiyeköy,2.0,1,3,65.0,60.0,4.0,,5.0,0.0,,,Combi Boiler,,1.0,Unfurnished,Vacant,0,,"South, East, West",,Eligible,Condominium Title,No,,2026-03-18 03:21:56,Aynı ev farklı ilan no ile tekrar girilmiş,,,,
166229-5,6000000,46153.85,Şişli,Halide Edip Adıvar,3.0,2,5,135.0,130.0,-1.0,Sub-level 1,4.0,6.0,,,Combi Boiler,,1.0,Furnished,Tenant-occupied,0,,"South, East, West",200.0,Eligible,Condominium Title,No,,2026-03-18 03:24:50,Aynı ev farklı ilan no ile tekrar girilmiş,,,,
40208-2550,8500000,77272.73,Şişli,Merkez,3.0,1,4,120.0,110.0,0.0,Entrance Floor,4.0,35.0,,,Combi Boiler,,1.0,,,0,,,,Eligible,Condominium Title,No,,2026-03-18 03:30:25,Aynı ev farklı ilan no ile tekrar girilmiş,,,,
7374-3875,6500000,72222.22,Şişli,Meşrutiyet,2.0,1,3,110.0,90.0,4.0,,4.0,31.0,Reinforced Concrete,Second-hand,Combi Boiler,Natural Gas,1.0,Unfurnished,Tenant-occupied,0,,"East, West",250.0,Eligible,Construction Easement,No,,2026-03-18 03:48:43,Aynı ev farklı ilan no ile tekrar girilmiş,,,,
1358-3981,18480000,132000.0,Şişli,Teşvikiye,3.0,1,4,160.0,140.0,5.0,,6.0,31.0,,,Central,,1.0,Unfurnished,Tenant-occupied,0,,"South, East",,Eligible,Condominium Title,No,,2026-03-18 04:13:01,Aynı ev farklı ilan no ile tekrar girilmiş,,,,
43996-28124,5800000,85294.12,Şişli,Halide Edip Adıvar,2.0,1,3,74.0,68.0,1.0,,5.0,0.0,Reinforced Concrete,New,Underfloor Heating,Natural Gas,1.0,Unfurnished,Vacant,0,,"South, East, West",100.0,Eligible,Condominium Title,No,,2026-03-18 04:19:24,Aynı ev farklı ilan no ile tekrar girilmiş,,,,
7204-27566,22000000,151724.14,Şişli,Kaptan Paşa,3.0,1,4,150.0,145.0,4.0,,9.0,11.0,,,Combi Boiler,,2.0,Unfurnished,Tenant-occupied,1,Middleist,South,9150.0,Eligible,Condominium Title,No,,2026-03-18 04:19:52,Aynı ev farklı ilan no ile tekrar girilmiş,,,,
110844-6009,3400000,42500.0,Şişli,Eskişehir,2.0,1,3,85.0,80.0,3.0,,5.0,30.0,Reinforced Concrete,Second-hand,Combi Boiler,Natural Gas,1.0,Unfurnished,Tenant-occupied,0,,"South, West",200.0,Eligible,Condominium Title,No,,2026-03-18 04:30:51,Aynı ev farklı ilan no ile tekrar girilmiş,,,,
67970-4931,65000000,276595.74,Şişli,Teşvikiye,4.0,1,5,250.0,235.0,6.0,,7.0,5.0,,Second-hand,Combi Boiler,,1.0,Furnished,Owner-occupied,0,,"North, South, East, West",,Eligible,Condominium Title,,,2026-03-18 04:41:07,Aynı ev farklı ilan no ile tekrar girilmiş,,,,
69537-102540,3550000,44375.0,Şişli,Mahmut Şevket Paşa,2.0,1,3,85.0,80.0,2.0,,5.0,1.0,,,Combi Boiler,,1.0,Unfurnished,Owner-occupied,0,,,,Not Eligible,Land Title,No,,2026-03-18 04:48:05,Aynı ev farklı ilan no ile tekrar girilmiş,,,,
110844-6114,5000000,66666.67,Şişli,Feriköy,2.0,1,3,85.0,75.0,-2.0,Sub-level 2,6.0,35.0,Reinforced Concrete,Second-hand,Combi Boiler,Natural Gas,1.0,Unfurnished,Owner-occupied,0,,,300.0,Eligible,Condominium Title,,,2026-03-18 05:08:22,Aynı ev farklı ilan no ile tekrar girilmiş,,,,
161043-77,5750000,85820.9,Sultanbeyli,Mimar Sinan,2.0,1,3,77.0,67.0,0.0,Ground Floor,5.0,0.0,,,Underfloor Heating,,2.0,Unfurnished,Vacant,0,,South,1.0,Eligible,Construction Easement,No,,2026-03-18 05:41:37,Aynı ev farklı ilan no ile tekrar girilmiş,,,,
142540-133,12800000,67368.42,Sultanbeyli,Mimar Sinan,6.0,2,8,230.0,190.0,5.0,,5.0,0.0,,,Underfloor Heating,,3.0,Unfurnished,Vacant,1,,South,,Eligible,Foreign Owner,Yes,,2026-03-18 06:08:56,Aynı ev farklı ilan no ile tekrar girilmiş,,,,
58568-7933,3720000,26762.59,Sultanbeyli,Hasanpaşa,3.0,1,4,150.0,139.0,4.0,,6.0,28.0,,Second-hand,Combi Boiler,,1.0,Unfurnished,Tenant-occupied,0,,"South, West",1.0,Eligible,Condominium Title,,,2026-03-18 06:26:07,Aynı ev farklı ilan no ile tekrar girilmiş,,,,
142540-60,7500000,69444.44,Sultanbeyli,Mimar Sinan,3.0,1,4,120.0,108.0,1.0,,5.0,0.0,,,Underfloor Heating,,2.0,Unfurnished,Vacant,1,,South,,Eligible,Foreign Owner,Yes,,2026-03-18 06:34:47,Aynı ev farklı ilan no ile tekrar girilmiş,,,,
142540-24,5475000,64411.76,Sultanbeyli,Mimar Sinan,2.0,1,3,95.0,85.0,2.0,,5.0,0.0,,,Underfloor Heating,,2.0,Unfurnished,Vacant,0,,South,300.0,Eligible,Foreign Owner,Yes,,2026-03-18 06:40:32,Aynı ev farklı ilan no ile tekrar girilmiş,,,,
142540-104,6500000,54166.67,Sultanbeyli,Mimar Sinan,3.0,1,4,130.0,120.0,3.0,,7.0,0.0,,,Combi Boiler,,2.0,Unfurnished,Vacant,0,,South,250.0,Eligible,Foreign Owner,Yes,,2026-03-18 06:51:01,Aynı ev farklı ilan no ile tekrar girilmiş,,,,
109158-3684,5600000,56000.0,Sultangazi,Zübeyde Hanım,3.0,1,4,115.0,100.0,3.0,,3.0,8.0,Reinforced Concrete,Second-hand,Combi Boiler,Natural Gas,2.0,Furnished,Owner-occupied,0,,"North, South, East",1.0,Eligible,Condominium Title,Yes,,2026-03-18 07:03:10,Aynı ev farklı ilan no ile tekrar girilmiş,,,,
165186-161,6650000,66500.0,Sultangazi,Gazi,2.0,1,3,105.0,100.0,1.0,,5.0,1.0,,,Underfloor Heating,,2.0,Unfurnished,Owner-occupied,0,,"North, South",,Eligible,Construction Easement,No,,2026-03-18 07:11:24,Aynı ev farklı ilan no ile tekrar girilmiş,,,,
165076-40,3750000,41666.67,Sultangazi,Zübeyde Hanım,2.0,1,3,95.0,90.0,1.0,,5.0,21.0,,,Combi Boiler,,1.0,Unfurnished,Vacant,0,,South,,Eligible,Construction Easement,No,,2026-03-18 07:26:40,Aynı ev farklı ilan no ile tekrar girilmiş,,,,
166639-380,7650000,43714.29,Sultangazi,Yunus Emre,4.0,2,6,185.0,175.0,3.0,,5.0,11.0,,,Underfloor Heating,,2.0,Unfurnished,Vacant,0,,South,,Eligible,Construction Easement,No,,2026-03-18 07:28:47,Aynı ev farklı ilan no ile tekrar girilmiş,,,,
166639-379,4700000,52222.22,Sultangazi,Yunus Emre,2.0,1,3,95.0,90.0,3.0,,5.0,5.0,,,Combi Boiler,,1.0,Unfurnished,Tenant-occupied,0,,"South, East",,Eligible,Construction Easement,No,,2026-03-18 07:29:32,Aynı ev farklı ilan no ile tekrar girilmiş,,,,
166639-337,2900000,36250.0,Sultangazi,Gazi,2.0,1,3,85.0,80.0,-1.0,Garden Floor,5.0,16.0,,,Combi Boiler,,1.0,Unfurnished,Owner-occupied,0,,South,,Eligible,Construction Easement,No,,2026-03-18 07:33:19,Aynı ev farklı ilan no ile tekrar girilmiş,,,,
166639-280,5250000,29166.67,Sultangazi,Yunus Emre,4.0,2,6,190.0,180.0,3.0,,5.0,11.0,,,Combi Boiler,,2.0,Unfurnished,Owner-occupied,0,,South,,Eligible,Construction Easement,Yes,,2026-03-18 07:36:17,Aynı ev farklı ilan no ile tekrar girilmiş,,,,
165186-114,5000000,47619.05,Sultangazi,Gazi,2.0,1,3,110.0,105.0,2.0,,5.0,21.0,,,Combi Boiler,,1.0,Unfurnished,Owner-occupied,0,,South,,Eligible,Condominium Title,No,,2026-03-18 07:38:17,Aynı ev farklı ilan no ile tekrar girilmiş,,,,
165186-2,5250000,29166.67,Sultangazi,Yunus Emre,4.0,2,6,190.0,180.0,3.0,,5.0,11.0,,,Combi Boiler,,2.0,Unfurnished,Owner-occupied,0,,"North, South",,Eligible,Construction Easement,Yes,,2026-03-18 07:42:40,Aynı ev farklı ilan no ile tekrar girilmiş,,,,
165076-4,3990000,33250.0,Sultangazi,Zübeyde Hanım,3.0,1,4,125.0,120.0,2.0,,5.0,21.0,,,Combi Boiler,,1.0,Unfurnished,Tenant-occupied,0,,South,,Eligible,Condominium Title,No,,2026-03-18 07:54:23,Aynı ev farklı ilan no ile tekrar girilmiş,,,,
163714-60,14750000,109259.26,Tuzla,Postane,4.0,1,5,180.0,135.0,1.0,,6.0,0.0,,,Underfloor Heating,,2.0,Unfurnished,Vacant,1,Assun Elite,"North, East",,Eligible,Construction Easement,No,,2026-03-18 08:24:56,Aynı ev farklı ilan no ile tekrar girilmiş,,,,
122221-286,8700000,82075.47,Tuzla,İstasyon,3.0,1,4,125.0,106.0,2.0,,5.0,6.0,,,Combi Boiler,,2.0,Unfurnished,Owner-occupied,0,,"South, East",750.0,Not Eligible,Condominium Title,No,,2026-03-18 08:27:35,Aynı ev farklı ilan no ile tekrar girilmiş,,,,
163714-57,18500000,84090.91,Tuzla,Postane,4.0,2,6,280.0,220.0,8.0,,8.0,0.0,,,Underfloor Heating,,3.0,Unfurnished,Vacant,1,Assun Elite,"North, East",,Eligible,Construction Easement,No,,2026-03-18 08:39:56,Aynı ev farklı ilan no ile tekrar girilmiş,,,,
163714-25,11250000,97826.09,Tuzla,Cami,3.0,1,4,135.0,115.0,0.0,Ground Floor,5.0,0.0,,,Underfloor Heating,,2.0,Unfurnished,Vacant,0,,"South, West",,Eligible,Condominium Title,No,,2026-03-18 08:45:47,Aynı ev farklı ilan no ile tekrar girilmiş,,,,
163714-21,16000000,118518.52,Tuzla,İstasyon,3.0,2,5,166.0,135.0,7.0,,7.0,0.0,,,Underfloor Heating,,4.0,Unfurnished,Vacant,1,,South,2571.0,Eligible,Construction Easement,No,,2026-03-18 08:47:53,Aynı ev farklı ilan no ile tekrar girilmiş,,,,
163714-4,20000000,105263.16,Tuzla,İstasyon,4.0,2,6,221.0,190.0,7.0,,7.0,0.0,,,Underfloor Heating,,4.0,Unfurnished,Vacant,1,,"South, East",2571.0,Eligible,Construction Easement,No,,2026-03-18 08:50:47,Aynı ev farklı ilan no ile tekrar girilmiş,,,,
163714-3,20000000,104712.04,Tuzla,İstasyon,5.0,2,7,223.0,191.0,7.0,,7.0,0.0,,,Underfloor Heating,,4.0,Unfurnished,Vacant,1,,"North, East",2571.0,Eligible,Construction Easement,No,,2026-03-18 08:51:36,Aynı ev farklı ilan no ile tekrar girilmiş,,,,
3351-2080,16500000,91666.67,Ümraniye,İstiklal,4.0,2,6,240.0,180.0,14.0,,14.0,11.0,,,Central,,2.0,Unfurnished,Owner-occupied,1,,,,Eligible,Construction Easement,No,,2026-03-18 09:05:02,Aynı ev farklı ilan no ile tekrar girilmiş,,,,
10673-5551,13250000,139473.68,Ümraniye,İnkılap,2.0,1,3,120.0,95.0,14.0,,14.0,16.0,,,Combi Boiler,,2.0,Unfurnished,Owner-occupied,1,Dora Park,"South, West",6259.0,Eligible,Condominium Title,No,,2026-03-18 09:27:33,Aynı ev farklı ilan no ile tekrar girilmiş,,,,
151891-457,26350000,250952.38,Ümraniye,Yamanevler,3.0,1,4,154.0,105.0,8.0,,9.0,0.0,,,Underfloor Heating,,2.0,Unfurnished,Vacant,1,Limonlu Bahçe Konakları,"North, South, East, West",,Eligible,Construction Easement,No,,2026-03-18 09:27:59,Aynı ev farklı ilan no ile tekrar girilmiş,,,,
92946-1774,5550000,55500.0,Ümraniye,Altınşehir,2.0,1,3,120.0,100.0,4.0,,4.0,26.0,,,Combi Boiler,,1.0,Unfurnished,Owner-occupied,0,,"South, West",300.0,Eligible,Condominium Title,No,,2026-03-18 09:35:05,Aynı ev farklı ilan no ile tekrar girilmiş,,,,
159336-15,6100000,81333.33,Ümraniye,Çamlık,2.0,1,3,95.0,75.0,3.0,,3.0,16.0,,,Combi Boiler,,1.0,Unfurnished,Vacant,0,,South,500.0,Eligible,Condominium Title,No,,2026-03-18 10:04:54,Aynı ev farklı ilan no ile tekrar girilmiş,,,,
156481-257,4450000,68461.54,Ümraniye,Esenevler,2.0,1,3,75.0,65.0,0.0,Entrance Floor,4.0,3.0,,,Combi Boiler,,1.0,Unfurnished,Tenant-occupied,0,,"South, East, West",200.0,Eligible,Condominium Title,No,,2026-03-18 10:09:36,Aynı ev farklı ilan no ile tekrar girilmiş,,,,
120873-476,5400000,61363.64,Ümraniye,Namık Kemal,2.0,1,3,100.0,88.0,2.0,,4.0,31.0,,,Combi Boiler,,1.0,Unfurnished,Tenant-occupied,0,,"North, South, East, West",,Eligible,Construction Easement,No,,2026-03-18 10:21:12,Aynı ev farklı ilan no ile tekrar girilmiş,,,,
147910-104,3445000,28708.33,Ümraniye,Esenkent,3.0,1,4,135.0,120.0,1.0,,4.0,16.0,,,Combi Boiler,,1.0,Unfurnished,Tenant-occupied,0,,"South, East",,Not Eligible,Land Title,Yes,,2026-03-18 10:27:50,Aynı ev farklı ilan no ile tekrar girilmiş,,,,
3995-27178,19950000,153461.54,Ümraniye,Necip Fazıl,3.0,1,4,156.0,130.0,-1.0,Garden Floor,7.0,16.0,,,Combi Boiler,,2.0,Unfurnished,Vacant,1,İdealist Kent 2. Etap Sitesi,East,7215.0,Eligible,Condominium Title,No,,2026-03-18 10:38:33,Aynı ev farklı ilan no ile tekrar girilmiş,,,,
160222-160,11250000,75000.0,Ümraniye,Armağanevler,3.0,2,5,170.0,150.0,4.0,,4.0,0.0,,,Combi Boiler,,2.0,Unfurnished,Vacant,0,,"South, East, West",,Eligible,Condominium Title,No,,2026-03-18 10:52:49,Aynı ev farklı ilan no ile tekrar girilmiş,,,,
156481-147,5850000,83571.43,Ümraniye,Mehmet Akif,2.0,1,3,80.0,70.0,1.0,,3.0,6.0,,,Combi Boiler,,1.0,Unfurnished,Tenant-occupied,0,,"South, East, West",250.0,Eligible,Condominium Title,No,,2026-03-18 11:00:20,Aynı ev farklı ilan no ile tekrar girilmiş,,,,
160222-121,15000000,107142.86,Ümraniye,Necip Fazıl,4.0,1,5,160.0,140.0,1.0,,10.0,0.0,,,Underfloor Heating,,3.0,Unfurnished,Vacant,1,,"South, East, West",,Eligible,Condominium Title,No,,2026-03-18 11:01:13,Aynı ev farklı ilan no ile tekrar girilmiş,,,,
159866-179,3500000,53846.15,Ümraniye,Çakmak,2.0,1,3,75.0,65.0,-1.0,Garden Floor,4.0,6.0,,,Combi Boiler,,1.0,Unfurnished,Tenant-occupied,0,,"South, East",,Eligible,Condominium Title,No,,2026-03-18 11:05:22,Aynı ev farklı ilan no ile tekrar girilmiş,,,,
159866-119,4150000,69166.67,Ümraniye,Çakmak,1.0,1,2,70.0,60.0,-1.0,Garden Floor,4.0,0.0,,,Combi Boiler,,1.0,Unfurnished,Vacant,0,,"South, East, West",,Not Eligible,Condominium Title,No,,2026-03-18 11:06:01,Aynı ev farklı ilan no ile tekrar girilmiş,,,,
160222-79,6650000,88666.67,Ümraniye,Finanskent,2.0,1,3,85.0,75.0,2.0,,5.0,0.0,,,Combi Boiler,,1.0,Unfurnished,Vacant,0,,"South, East, West",,Eligible,Condominium Title,No,,2026-03-18 11:08:07,Aynı ev farklı ilan no ile tekrar girilmiş,,,,
31234-79786,12950000,117727.27,Üsküdar,Mimar Sinan,2.0,2,4,130.0,110.0,4.0,,4.0,0.0,,,Combi Boiler,,2.0,Unfurnished,Vacant,0,,"South, East, West",,Eligible,Condominium Title,No,,2026-03-18 11:24:04,Aynı ev farklı ilan no ile tekrar girilmiş,,,,
31234-79789,7350000,91875.0,Üsküdar,Mimar Sinan,2.0,2,4,85.0,80.0,-1.0,Garden Floor,4.0,2.0,,,Combi Boiler,,2.0,Unfurnished,Vacant,0,,"South, East",,Eligible,Condominium Title,No,,2026-03-18 11:32:28,Aynı ev farklı ilan no ile tekrar girilmiş,,,,
42720-6307,54500000,236956.52,Üsküdar,Altunizade,4.0,2,6,258.0,230.0,5.0,,5.0,0.0,Reinforced Concrete,New,Combi Boiler,Natural Gas,4.0,Unfurnished,Vacant,0,,"North, South",,Eligible,Condominium Title,No,,2026-03-18 11:38:40,Aynı ev farklı ilan no ile tekrar girilmiş,,,,
5167-1997,8750000,116666.67,Üsküdar,Salacak,3.0,1,4,90.0,75.0,-2.0,Basement,4.0,5.0,Reinforced Concrete,Second-hand,Combi Boiler,Natural Gas,1.0,Unfurnished,Tenant-occupied,0,,"North, East, West",,Eligible,Condominium Title,No,,2026-03-19 01:40:35,Aynı ev farklı ilan no ile tekrar girilmiş,,,,
126559-619,40000000,142857.14,Üsküdar,Çengelköy,5.0,2,7,320.0,280.0,4.0,,4.0,0.0,,,Combi Boiler,,4.0,Unfurnished,Vacant,0,,South,,Eligible,Condominium Title,No,,2026-03-19 01:45:34,Aynı ev farklı ilan no ile tekrar girilmiş,,,,
1625-9663,6950000,78977.27,Üsküdar,İcadiye,2.0,1,3,108.0,88.0,0.0,Raised Ground,4.0,11.0,,,Combi Boiler,,2.0,Unfurnished,Vacant,0,,"South, East, West",150.0,Eligible,Condominium Title,No,,2026-03-19 01:48:48,Aynı ev farklı ilan no ile tekrar girilmiş,,,,
5167-2001,11000000,146666.67,Üsküdar,Salacak,2.0,1,3,90.0,75.0,2.0,,4.0,16.0,,,Combi Boiler,,1.0,Unfurnished,Tenant-occupied,0,,"North, South, West",,Eligible,Construction Easement,No,,2026-03-19 01:52:58,Aynı ev farklı ilan no ile tekrar girilmiş,,,,
21278-9741,6500000,72222.22,Üsküdar,Ahmediye,2.0,1,3,105.0,90.0,4.0,,4.0,31.0,,,Combi Boiler,,1.0,Unfurnished,Vacant,0,,"North, South",,Eligible,Condominium Title,No,,2026-03-19 02:02:13,Aynı ev farklı ilan no ile tekrar girilmiş,,,,
42720-6282,24500000,155063.29,Üsküdar,İcadiye,3.0,2,5,205.0,158.0,5.0,,5.0,0.0,Reinforced Concrete,New,Combi Boiler,Natural Gas,2.0,Unfurnished,Vacant,0,,"North, South",700.0,Eligible,Condominium Title,No,,2026-03-19 02:03:36,Aynı ev farklı ilan no ile tekrar girilmiş,,,,
21278-9715,6500000,72222.22,Üsküdar,Ahmediye,2.0,1,3,105.0,90.0,4.0,,4.0,31.0,,,Combi Boiler,,1.0,Unfurnished,Vacant,0,,"North, South",,Eligible,Condominium Title,No,,2026-03-19 02:04:52,Aynı ev farklı ilan no ile tekrar girilmiş,,,,
31234-79745,8750000,87500.0,Üsküdar,Salacak,3.0,1,4,110.0,100.0,3.0,,4.0,31.0,,,Combi Boiler,,1.0,Unfurnished,Vacant,0,,"South, East, West",,Eligible,Condominium Title,No,,2026-03-19 02:05:44,Aynı ev farklı ilan no ile tekrar girilmiş,,,,
19061-918,25000000,147058.82,Üsküdar,Burhaniye,4.0,1,5,200.0,170.0,4.0,,4.0,0.0,Reinforced Concrete,New,Combi Boiler,Natural Gas,2.0,Unfurnished,Vacant,0,,West,,Eligible,Condominium Title,No,,2026-03-19 02:18:36,Aynı ev farklı ilan no ile tekrar girilmiş,,,,
31234-79767,11250000,160714.29,Üsküdar,Selami Ali,2.0,1,3,80.0,70.0,1.0,,4.0,0.0,,,Combi Boiler,,1.0,Unfurnished,Vacant,0,,"South, East, West",,Eligible,Condominium Title,No,,2026-03-19 02:19:04,Aynı ev farklı ilan no ile tekrar girilmiş,,,,
138130-149,9500000,111764.71,Üsküdar,Mimar Sinan,2.0,0,2,95.0,85.0,4.0,,7.0,4.0,Reinforced Concrete,New,Combi Boiler,Natural Gas,1.0,Unfurnished,Tenant-occupied,0,,"South, East",300.0,Eligible,Condominium Title,No,,2026-03-19 02:20:14,Aynı ev farklı ilan no ile tekrar girilmiş,,,,
65855-1083,29750000,191935.48,Üsküdar,Barbaros,3.0,2,5,210.0,155.0,5.0,,5.0,0.0,,,Underfloor Heating,,2.0,Unfurnished,Vacant,1,,"South, East",,Eligible,Condominium Title,No,,2026-03-19 02:21:08,Aynı ev farklı ilan no ile tekrar girilmiş,,,,
31234-79741,16500000,110000.0,Üsküdar,Selami Ali,3.0,2,5,170.0,150.0,4.0,,4.0,0.0,Reinforced Concrete,New,Combi Boiler,Natural Gas,2.0,Unfurnished,Vacant,0,,"South, East, West",,Eligible,Condominium Title,,,2026-03-19 02:26:35,Aynı ev farklı ilan no ile tekrar girilmiş,,,,
31234-79749,8500000,77272.73,Üsküdar,Ahmediye,3.0,1,4,125.0,110.0,4.0,,5.0,31.0,,,Central (Metered),,2.0,Unfurnished,Owner-occupied,1,,"South, East, West",,Eligible,Construction Easement,No,,2026-03-19 02:30:19,Aynı ev farklı ilan no ile tekrar girilmiş,,,,
138130-151,8750000,102941.18,Üsküdar,Mimar Sinan,2.0,1,3,95.0,85.0,3.0,,7.0,4.0,,,Combi Boiler,,1.0,Unfurnished,Tenant-occupied,0,,South,300.0,Eligible,Construction Easement,No,,2026-03-19 02:32:27,Aynı ev farklı ilan no ile tekrar girilmiş,,,,
31234-79747,6950000,92666.67,Üsküdar,Murat Reis,2.0,1,3,80.0,75.0,4.0,,5.0,11.0,,,Combi Boiler,,1.0,Unfurnished,Tenant-occupied,0,,"South, East",,Eligible,Condominium Title,No,,2026-03-19 02:38:28,Aynı ev farklı ilan no ile tekrar girilmiş,,,,
129138-987,10250000,113888.89,Üsküdar,Bahçelievler,2.0,1,3,129.0,90.0,0.0,Raised Ground,5.0,0.0,Reinforced Concrete,New,Combi Boiler,Natural Gas,2.0,Unfurnished,Vacant,1,,South,1500.0,Eligible,Construction Easement,No,,2026-03-19 02:40:43,Aynı ev farklı ilan no ile tekrar girilmiş,,,,
129138-994,9750000,97500.0,Üsküdar,Bahçelievler,3.0,1,4,110.0,100.0,1.0,,5.0,1.0,,,Combi Boiler,,1.0,Unfurnished,Vacant,0,,West,,Eligible,Condominium Title,No,,2026-03-19 02:49:22,Aynı ev farklı ilan no ile tekrar girilmiş,,,,
74477-38751,17500000,194444.44,Üsküdar,Sultantepe,3.0,1,4,100.0,90.0,2.0,,4.0,0.0,,,Combi Boiler,,1.0,Unfurnished,Vacant,0,,,,Eligible,Condominium Title,No,,2026-03-19 02:49:52,Aynı ev farklı ilan no ile tekrar girilmiş,,,,
21278-9766,6175000,95000.0,Üsküdar,Mimar Sinan,2.0,1,3,75.0,65.0,0.0,Entrance Floor,4.0,2.0,,,Combi Boiler,,1.0,Unfurnished,Vacant,0,,"South, East",,Eligible,Condominium Title,No,,2026-03-19 02:53:45,Aynı ev farklı ilan no ile tekrar girilmiş,,,,
31234-79737,6175000,95000.0,Üsküdar,Mimar Sinan,2.0,1,3,75.0,65.0,0.0,Entrance Floor,4.0,0.0,Reinforced Concrete,New,Combi Boiler,Natural Gas,1.0,Unfurnished,Vacant,0,,"South, East, West",,Eligible,Condominium Title,No,,2026-03-19 02:54:57,Aynı ev farklı ilan no ile tekrar girilmiş,,,,
19061-999,25000000,147058.82,Üsküdar,Burhaniye,4.0,1,5,200.0,170.0,4.0,,4.0,0.0,,,Combi Boiler,,2.0,Unfurnished,Vacant,0,,West,,Eligible,Condominium Title,No,,2026-03-19 02:55:51,Aynı ev farklı ilan no ile tekrar girilmiş,,,,
106483-146,8500000,89473.68,Üsküdar,Bahçelievler,3.0,1,4,119.0,95.0,3.0,,4.0,26.0,,,Central (Metered),,1.0,Unfurnished,Owner-occupied,1,Ata 2 Sitesi,"South, East",,Eligible,Condominium Title,No,,2026-03-19 02:56:27,Aynı ev farklı ilan no ile tekrar girilmiş,,,,
19061-920,20000000,117647.06,Üsküdar,Burhaniye,4.0,1,5,200.0,170.0,4.0,,4.0,0.0,,,Combi Boiler,,2.0,Unfurnished,Vacant,0,,,,Eligible,Condominium Title,No,,2026-03-19 02:57:43,Aynı ev farklı ilan no ile tekrar girilmiş,,,,
8525-57143,28000000,200000.0,Üsküdar,Bahçelievler,3.0,1,4,185.0,140.0,6.0,,6.0,0.0,,,Combi Boiler,,3.0,Unfurnished,Vacant,1,Nefes Çengelköy,,,Eligible,Construction Easement,Yes,,2026-03-19 03:15:38,Aynı ev farklı ilan no ile tekrar girilmiş,,,,
31070-2476,26000000,200000.0,Üsküdar,Güzeltepe,4.0,1,5,150.0,130.0,4.0,,5.0,0.0,,,Combi Boiler,,3.0,Unfurnished,Vacant,0,,"South, East, West",,Eligible,Condominium Title,No,,2026-03-19 03:18:03,Aynı ev farklı ilan no ile tekrar girilmiş,,,,
159353-108,16500000,103125.0,Üsküdar,Selami Ali,3.0,2,5,170.0,160.0,4.0,,4.0,0.0,Reinforced Concrete,New,Combi Boiler,Natural Gas,2.0,Unfurnished,Vacant,0,,"South, East",,Eligible,Condominium Title,No,,2026-03-19 03:19:07,Aynı ev farklı ilan no ile tekrar girilmiş,,,,
21278-9705,5650000,86923.08,Üsküdar,Mimar Sinan,2.0,1,3,75.0,65.0,-1.0,Sub-level 1,4.0,0.0,,,Combi Boiler,,1.0,Unfurnished,Vacant,0,,"South, East",,Eligible,Condominium Title,No,,2026-03-19 03:23:16,Aynı ev farklı ilan no ile tekrar girilmiş,,,,
31234-79732,12850000,151176.47,Üsküdar,Mimar Sinan,3.0,0,3,100.0,85.0,4.0,,5.0,0.0,Reinforced Concrete,New,Combi Boiler,Natural Gas,1.0,Unfurnished,Vacant,0,,"South, East, West",,Eligible,Condominium Title,,,2026-03-19 03:28:13,Aynı ev farklı ilan no ile tekrar girilmiş,,,,
31070-2530,10750000,134375.0,Üsküdar,Bahçelievler,2.0,1,3,116.0,80.0,2.0,,5.0,0.0,,,Combi Boiler,,1.0,Unfurnished,Vacant,0,,"South, East",,Eligible,Condominium Title,No,,2026-03-19 03:30:03,Aynı ev farklı ilan no ile tekrar girilmiş,,,,
31234-79731,6250000,138888.89,Üsküdar,Mimar Sinan,1.0,1,2,50.0,45.0,0.0,Raised Ground,5.0,0.0,Reinforced Concrete,New,Combi Boiler,Natural Gas,1.0,Unfurnished,Vacant,0,,"South, West",,Eligible,Condominium Title,No,,2026-03-19 03:31:34,Aynı ev farklı ilan no ile tekrar girilmiş,,,,
21278-9720,15000000,136363.64,Üsküdar,Selami Ali,3.0,1,4,125.0,110.0,2.0,,5.0,0.0,,,Combi Boiler,,2.0,Unfurnished,Vacant,0,,,,Not Eligible,Construction Easement,No,,2026-03-19 03:32:44,Aynı ev farklı ilan no ile tekrar girilmiş,,,,
93181-6133,7500000,107142.86,Üsküdar,Bulgurlu,2.0,1,3,80.0,70.0,2.0,,4.0,0.0,Reinforced Concrete,New,Combi Boiler,Natural Gas,1.0,Unfurnished,Vacant,0,,"North, West",1.0,Eligible,Construction Easement,No,,2026-03-19 03:33:20,Aynı ev farklı ilan no ile tekrar girilmiş,,,,
21278-9706,5800000,82857.14,Üsküdar,Mimar Sinan,2.0,1,3,80.0,70.0,-1.0,Sub-level 1,5.0,1.0,,,Underfloor Heating,,1.0,Unfurnished,Vacant,0,,"North, South",,Eligible,Condominium Title,No,,2026-03-19 03:33:29,Aynı ev farklı ilan no ile tekrar girilmiş,,,,
31234-79740,15000000,136363.64,Üsküdar,Selami Ali,3.0,1,4,125.0,110.0,2.0,,4.0,0.0,Reinforced Concrete,New,Combi Boiler,Natural Gas,2.0,Unfurnished,Vacant,0,,"South, East, West",,Eligible,Condominium Title,,,2026-03-19 03:35:27,Aynı ev farklı ilan no ile tekrar girilmiş,,,,
31234-79572,4000000,50000.0,Üsküdar,Valide-i Atik,2.0,1,3,85.0,80.0,1.0,,5.0,43.0,Reinforced Concrete,Second-hand,Combi Boiler,Natural Gas,1.0,Unfurnished,Tenant-occupied,0,,"South, East, West",,Eligible,Condominium Title,,,2026-03-19 03:39:01,Aynı ev farklı ilan no ile tekrar girilmiş,,,,
93181-6222,6100000,135555.56,Üsküdar,Bulgurlu,1.0,1,2,55.0,45.0,-1.0,Garden Floor,4.0,0.0,Reinforced Concrete,New,Combi Boiler,Natural Gas,1.0,Unfurnished,Vacant,0,,"South, East, West",500.0,Eligible,Construction Easement,No,,2026-03-19 03:52:20,Aynı ev farklı ilan no ile tekrar girilmiş,,,,
166007-14,4250000,70833.33,Zeytinburnu,Yeşiltepe,2.0,1,3,77.0,60.0,5.0,,5.0,0.0,Reinforced Concrete,Under Construction,Combi Boiler,Natural Gas,1.0,Unfurnished,Vacant,0,,"South, East",,Eligible,No Title Deed,Yes,,2026-03-19 04:13:47,Aynı ev farklı ilan no ile tekrar girilmiş,,,,
164449-53,21499000,165376.92,Zeytinburnu,Merkezefendi,3.0,2,5,200.0,130.0,5.0,,5.0,0.0,,,Underfloor Heating,,2.0,Unfurnished,Vacant,1,,South,,Not Eligible,Construction Easement,No,,2026-03-19 04:17:55,Aynı ev farklı ilan no ile tekrar girilmiş,,,,
166163-8,17000000,121428.57,Zeytinburnu,Maltepe,3.0,1,4,185.0,140.0,16.0,,17.0,5.0,,,Central (Metered),,2.0,Furnished,Owner-occupied,1,İnistanbul Topkapı,,,Eligible,Condominium Title,No,,2026-03-19 04:26:36,Aynı ev farklı ilan no ile tekrar girilmiş,,,,
166163-16,5900000,178787.88,Zeytinburnu,Maltepe,1.0,1,2,55.0,33.0,3.0,,17.0,4.0,,,Central (Metered),,1.0,Unfurnished,Vacant,1,İnistanbul Topkapı,,,Eligible,Condominium Title,No,,2026-03-19 04:40:27,Aynı ev farklı ilan no ile tekrar girilmiş,,,,
166163-3,5550000,138750.0,Zeytinburnu,Maltepe,1.0,1,2,60.0,40.0,2.0,,17.0,5.0,,,Central (Metered),,1.0,Unfurnished,Tenant-occupied,1,İnistanbul Topkapı,,,Eligible,Condominium Title,No,,2026-03-19 04:41:05,Aynı ev farklı ilan no ile tekrar girilmiş,,,,
91261-989,15200000,140740.74,Zeytinburnu,Merkezefendi,3.0,1,4,130.0,108.0,1.0,,10.0,8.0,Reinforced Concrete,Second-hand,Central (Metered),,1.0,Unfurnished,Tenant-occupied,1,Panorama Topkapı Sitesi,,,Eligible,Condominium Title,,,2026-03-19 04:43:53,Aynı ev farklı ilan no ile tekrar girilmiş,,,,
1863-1800,1400000,93333.33,Beyoğlu,Kamer Hatun,1.0,0,1,35.0,15.0,0.0,Entrance Floor,4.0,50.0,Masonry,Second-hand,Combi Boiler,Electricity,,Furnished,Vacant,0,,South,200.0,Eligible,Construction Easement,No,2026-02-25,2026-03-15 14:56:29,Net m² 20'den küçük (hatalı giriş),,,,
4753-17376,135000000,135000000.0,Bakırköy,Şenlikköy,10.0,2,12,1.0,1.0,,Villa Floor,4.0,5.0,Reinforced Concrete,Second-hand,Combi Boiler,Natural Gas,6.0,Unfurnished,Owner-occupied,0,,"South, East, West",,Eligible,Condominium Title,No,2026-02-24,2026-03-15 06:47:46,Net m² 20'den küçük (hatalı giriş),,,,
72595-3258,2300000,230000.0,Avcılar,Firuzköy,2.0,1,3,106.0,10.0,0.0,Entrance Floor,2.0,16.0,Reinforced Concrete,Second-hand,Combi Boiler,Natural Gas,1.0,Unfurnished,Vacant,0,,,,Eligible,Shared Title,No,2026-02-13,2026-03-15 00:54:21,Net m² 20'den küçük (hatalı giriş),,,,
2525-16202,339750000,377500.0,Beşiktaş,Kuruçeşme,10.0,2,12,900.0,1.0,3.0,,4.0,17.0,Reinforced Concrete,Second-hand,Central (Metered),,5.0,Unfurnished,Owner-occupied,0,,,,Eligible,Condominium Title,No,2026-02-13,2026-03-15 11:28:35,Net m² 20'den küçük (hatalı giriş),,,,
123075-4642,339750000,377500.0,Beşiktaş,Kuruçeşme,10.0,2,12,900.0,1.0,3.0,,4.0,20.0,Reinforced Concrete,Second-hand,Central (Metered),Natural Gas,6.0,,Owner-occupied,0,,"North, South, East, West",,Eligible,Condominium Title,No,2026-02-09,2026-03-15 11:02:13,Net m² 20'den küçük (hatalı giriş),,,,
4753-17707,160000000,160000000.0,Bakırköy,Basınköy,10.0,2,12,1.0,1.0,,Villa Floor,4.0,8.0,Reinforced Concrete,Second-hand,Combi Boiler,Natural Gas,6.0,Unfurnished,Owner-occupied,0,,"South, East, West",,Eligible,Construction Easement,No,2026-02-08,2026-03-15 06:54:04,Net m² 20'den küçük (hatalı giriş),,,,
0-45491812,3500000,583333.33,Esenler,Turgut Reis,2.0,1,3,9.0,6.0,1.0,,5.0,25.0,Reinforced Concrete,Second-hand,Combi Boiler,Natural Gas,1.0,,,0,,,,Not Eligible,Shared Title,,2025-12-21,2026-03-15 19:06:00,Net m² 20'den küçük (hatalı giriş),,,,
104482-17,475000,31666.67,Küçükçekmece,Mehmet Akif,1.0,1,2,18.0,15.0,-1.0,Garden Floor,7.0,25.0,Reinforced Concrete,Second-hand,Stove,Electricity,1.0,Unfurnished,Vacant,0,,North,,Not Eligible,Shared Title,No,,2026-03-17 09:06:21,Net m² 20'den küçük (hatalı giriş),,,,
9636-16356,325000000,406250.0,Sarıyer,Yeniköy,7.0,1,8,800.0,1.0,3.0,,3.0,0.0,Reinforced Concrete,Second-hand,Central (Metered),Natural Gas,6.0,Unfurnished,Vacant,0,,"South, East",,Eligible,Condominium Title,No,,2026-03-17 18:25:12,Net m² 20'den küçük (hatalı giriş),,,,
165104-29,29500000,1966666.67,Sarıyer,Ayazağa,3.0,1,4,175.0,15.0,3.0,,12.0,6.0,,,Central (Metered),,2.0,Unfurnished,Vacant,1,Vadistanbul Teras Evleri,"North, South, East, West",,Eligible,Foreign Owner,No,,2026-03-18 00:32:26,Net m² 20'den küçük (hatalı giriş),,,,
2118-10412,14800000,92500.0,Üsküdar,Küçüksu,4.0,1,5,160.0,2.0,-1.0,Garden Floor,3.0,24.0,Reinforced Concrete,Second-hand,Combi Boiler,Natural Gas,2.0,Unfurnished,Tenant-occupied,0,,"East, West",7000.0,Eligible,Condominium Title,No,,2026-03-19 02:36:29,Net m² 20'den küçük (hatalı giriş),,,,
91261-990,15200000,138181.82,Zeytinburnu,Merkezefendi,3.0,1,4,110.0,1.0,1.0,,10.0,8.0,Reinforced Concrete,Second-hand,Central (Metered),Natural Gas,1.0,,Tenant-occupied,1,Panorama Topkapı Sitesi,,,Eligible,Condominium Title,No,,2026-03-19 04:43:34,Net m² 20'den küçük (hatalı giriş),,,,
129689-750,10000000,222222.22,Sarıyer,Huzur,1.0,1,2,65.0,45.0,12.0,,17.0,4.0,Reinforced Concrete,Second-hand,Central (Metered),Natural Gas,1.0,Unfurnished,Tenant-occupied,1,Avangart İstanbul,South,5950.0,Eligible,Foreign Owner,No,,2026-03-18 00:43:44,"Gizli tekrar (aynı ofis/ev, çelişmeyen bilgi)",0.0,129689,30.0,
88766-2655,2150000,39090.91,Fatih,Seyyid Ömer,1.0,1,2,60.0,55.0,0.0,Raised Ground,4.0,45.0,Reinforced Concrete,Second-hand,Gas Stove,Natural Gas,2.0,Unfurnished,Vacant,0,,"North, South",,Eligible,Condominium Title,No,2026-03-07,2026-03-16 02:37:59,"Gizli tekrar (aynı ofis/ev, çelişmeyen bilgi)",0.0,88766,30.0,
6680-23604,3700000,30833.33,Avcılar,Denizköşkler,3.0,1,4,130.0,120.0,,Mid Floor,5.0,30.0,Reinforced Concrete,Second-hand,Combi Boiler,Natural Gas,1.0,Unfurnished,Tenant-occupied,0,,South,200.0,Eligible,Condominium Title,No,2026-02-13,2026-03-15 01:32:48,"Gizli tekrar (aynı ofis/ev, çelişmeyen bilgi)",0.0,6680,30.0,
4753-17696,15500000,155000.0,Bakırköy,Şenlikköy,2.0,1,3,120.0,100.0,0.0,Raised Ground,4.0,25.0,Reinforced Concrete,Second-hand,Combi Boiler,Natural Gas,2.0,Unfurnished,Vacant,0,,"South, East, West",,Eligible,Condominium Title,No,2026-02-13,2026-03-15 06:54:21,"Gizli tekrar (aynı ofis/ev, çelişmeyen bilgi)",0.0,4753,30.0,
65936-12686,2500000,26315.79,Esenyurt,Saadetdere,2.0,1,3,100.0,95.0,,Mid Floor,5.0,0.0,Reinforced Concrete,New,Combi Boiler,Natural Gas,1.0,Unfurnished,Vacant,0,,"North, South, East, West",100.0,Eligible,No Title Deed,Yes,2026-02-13,2026-03-15 21:58:10,"Gizli tekrar (aynı ofis/ev, çelişmeyen bilgi)",0.0,65936,30.0,
129481-1393,3500000,46666.67,Fatih,Seyyid Ömer,2.0,1,3,80.0,75.0,3.0,,5.0,30.0,Reinforced Concrete,Second-hand,Combi Boiler,Natural Gas,1.0,Unfurnished,Owner-occupied,0,,South,200.0,Eligible,Condominium Title,No,2026-03-14,2026-03-16 01:17:55,"Gizli tekrar (aynı ofis/ev, çelişmeyen bilgi)",0.0,129481,30.0,
80027-1398,5500000,144736.84,Beşiktaş,Dikilitaş,1.0,1,2,55.0,38.0,-1.0,Garden Floor,5.0,0.0,Reinforced Concrete,New,Combi Boiler,Natural Gas,1.0,Unfurnished,Vacant,0,,,500.0,Eligible,Construction Easement,No,2026-03-12,2026-03-15 09:40:04,"Gizli tekrar (aynı ofis/ev, çelişmeyen bilgi)",0.0,80027,30.0,
4753-17730,27500000,275000.0,Bakırköy,Basınköy,3.0,1,4,110.0,100.0,-1.0,Garden Floor,3.0,0.0,Reinforced Concrete,New,Combi Boiler,Natural Gas,,Unfurnished,Vacant,0,,"South, East, West",,Eligible,Condominium Title,No,2026-02-17,2026-03-15 06:27:46,"Gizli tekrar (aynı ofis/ev, çelişmeyen bilgi)",0.0,4753,29.0,
39972-7438,5500000,64705.88,Maltepe,Altıntepe,2.0,1,3,95.0,85.0,0.0,Entrance Floor,4.0,31.0,Reinforced Concrete,Second-hand,Combi Boiler,Natural Gas,1.0,Unfurnished,Vacant,0,,"South, East, West",,Eligible,Condominium Title,No,,2026-03-17 10:44:04,"Gizli tekrar (aynı ofis/ev, çelişmeyen bilgi)",0.0,39972,29.0,
69537-91270,48000000,162162.16,Beşiktaş,Dikilitaş,5.0,1,6,315.0,296.0,5.0,,6.0,0.0,Reinforced Concrete,New,Combi Boiler,Natural Gas,3.0,Unfurnished,Vacant,0,,"North, South, East, West",,Eligible,Condominium Title,No,2026-02-10,2026-03-15 11:07:13,"Gizli tekrar (aynı ofis/ev, çelişmeyen bilgi)",0.0,69537,29.0,
162475-9,7300000,60833.33,Büyükçekmece,Celaliye,3.0,1,4,155.0,120.0,1.0,,3.0,0.0,Reinforced Concrete,New,Combi Boiler,Natural Gas,2.0,,Vacant,1,Akça Grande Sitesi,"South, East, West",,Eligible,Condominium Title,No,2026-03-11,2026-03-15 15:09:24,"Gizli tekrar (aynı ofis/ev, çelişmeyen bilgi)",0.0,162475,29.0,
109079-1402,6750000,90000.0,Zeytinburnu,Yenidoğan,2.0,1,3,85.0,75.0,,Mid Floor,5.0,0.0,Reinforced Concrete,Second-hand,Combi Boiler,Natural Gas,1.0,Unfurnished,Vacant,0,,"East, West",1.0,Eligible,No Title Deed,No,,2026-03-19 04:30:47,"Gizli tekrar (aynı ofis/ev, çelişmeyen bilgi)",0.0,109079,29.0,
43996-27551,9200000,61333.33,Kağıthane,Sultan Selim,3.0,1,4,165.0,150.0,3.0,,4.0,3.0,Reinforced Concrete,New,Combi Boiler,Natural Gas,2.0,Unfurnished,Vacant,0,,"South, East",200.0,Eligible,Condominium Title,Yes,,2026-03-17 04:09:04,"Gizli tekrar (aynı ofis/ev, çelişmeyen bilgi)",0.0,43996,29.0,
45672-518,6750000,86538.46,Gaziosmanpaşa,Bağlarbaşı,2.0,1,3,92.0,78.0,4.0,,10.0,0.0,Reinforced Concrete,New,Central (Metered),Natural Gas,1.0,Unfurnished,Vacant,1,,South,,Eligible,No Title Deed,No,2026-02-13,2026-03-16 03:50:28,"Gizli tekrar (aynı ofis/ev, çelişmeyen bilgi)",0.0,45672,29.0,
4753-17604,24000000,184615.38,Bakırköy,Şenlikköy,3.0,1,4,150.0,130.0,,Mid Floor,4.0,20.0,Reinforced Concrete,Second-hand,Combi Boiler,Natural Gas,2.0,Unfurnished,Vacant,0,,East,,Eligible,Condominium Title,No,2026-03-08,2026-03-15 06:17:16,"Gizli tekrar (aynı ofis/ev, çelişmeyen bilgi)",0.0,4753,29.0,
20823-5785,5200000,65000.0,Kağıthane,Çeliktepe,2.0,1,3,85.0,80.0,,Mid Floor,6.0,9.0,Reinforced Concrete,Second-hand,Combi Boiler,Natural Gas,1.0,Unfurnished,Vacant,0,,,500.0,Eligible,Condominium Title,No,,2026-03-17 03:36:29,"Gizli tekrar (aynı ofis/ev, çelişmeyen bilgi)",0.0,20823,28.0,
69537-91261,59500000,396666.67,Beşiktaş,Arnavutköy,3.0,1,4,160.0,150.0,1.0,,4.0,30.0,Reinforced Concrete,Second-hand,Central,Natural Gas,2.0,Unfurnished,,0,,"North, South, East, West",,Eligible,Condominium Title,No,2026-02-13,2026-03-15 11:20:41,"Gizli tekrar (aynı ofis/ev, çelişmeyen bilgi)",0.0,69537,28.0,
69537-86147,10500000,190909.09,Sarıyer,Maslak,1.0,1,2,80.0,55.0,13.0,,33.0,10.0,Reinforced Concrete,Second-hand,Central,Natural Gas,1.0,Unfurnished,,1,"Eclipse Maslak (İstanbul, Sarıyer, Maslak)",West,,Eligible,Foreign Owner,No,,2026-03-18 01:23:45,"Gizli tekrar (aynı ofis/ev, çelişmeyen bilgi)",0.0,69537,28.0,
109079-1412,6000000,74074.07,Zeytinburnu,Seyitnizam,3.0,1,4,116.0,81.0,3.0,,4.0,17.0,Reinforced Concrete,Second-hand,Combi Boiler,Natural Gas,2.0,Unfurnished,Vacant,0,,"East, West",,Eligible,No Title Deed,No,,2026-03-19 04:41:45,"Gizli tekrar (aynı ofis/ev, çelişmeyen bilgi)",0.0,109079,28.0,
135302-290,4999999,35714.28,Beylikdüzü,Adnan Kahveci,3.0,1,4,150.0,140.0,,,2.0,0.0,Reinforced Concrete,New,Combi Boiler,Natural Gas,1.0,Unfurnished,Vacant,0,,South,,Eligible,Condominium Title,Yes,2026-03-05,2026-03-15 14:00:40,"Gizli tekrar (aynı ofis/ev, çelişmeyen bilgi)",0.0,135302,28.0,
155767-33,20000000,131578.95,Başakşehir,Bahçeşehir 1. Kısım,3.0,1,4,177.0,152.0,,Villa Floor,3.0,11.0,,,Combi Boiler,,2.0,Unfurnished,Owner-occupied,1,Kelebekler Vadisi,"North, South, East, West",7157.0,Eligible,Condominium Title,No,2026-02-14,2026-03-15 07:29:16,"Gizli tekrar (aynı ofis/ev, çelişmeyen bilgi)",0.0,155767,28.0,
91261-992,15200000,140740.74,Zeytinburnu,Merkezefendi,3.0,1,4,130.0,108.0,1.0,,10.0,8.0,,Second-hand,Central (Metered),Natural Gas,1.0,Unfurnished,Tenant-occupied,1,Panorama Topkapı Sitesi,,,Eligible,Condominium Title,No,,2026-03-19 04:42:16,"Gizli tekrar (aynı ofis/ev, çelişmeyen bilgi)",0.0,91261,27.0,
93181-6159,7900000,131666.67,Üsküdar,Bulgurlu,2.0,1,3,70.0,60.0,1.0,,4.0,0.0,Reinforced Concrete,New,Combi Boiler,Natural Gas,1.0,,Vacant,0,,"South, East, West",,Eligible,Construction Easement,No,,2026-03-19 03:51:53,"Gizli tekrar (aynı ofis/ev, çelişmeyen bilgi)",0.0,93181,27.0,
161261-205,6100000,110909.09,Kartal,Cumhuriyet,1.0,1,2,75.0,55.0,16.0,,29.0,6.0,,,Central (Metered),,1.0,Unfurnished,Vacant,1,Kartal 101,South,4556.0,Eligible,Condominium Title,No,,2026-03-17 06:45:22,"Gizli tekrar (aynı ofis/ev, çelişmeyen bilgi)",0.0,161261,27.0,
61827-1965,10400000,91228.07,Şişli,Merkez,3.0,1,4,120.0,114.0,1.0,,7.0,45.0,Reinforced Concrete,Second-hand,Central,Natural Gas,1.0,Unfurnished,Vacant,0,,,,Eligible,Condominium Title,No,,2026-03-18 02:42:17,"Gizli tekrar (aynı ofis/ev, çelişmeyen bilgi)",0.0,61827,27.0,
91887-4690,8200000,96470.59,Bahçelievler,Siyavuşpaşa,3.0,1,4,100.0,85.0,2.0,,5.0,0.0,,,Combi Boiler,,1.0,Unfurnished,Vacant,0,,South,300.0,Eligible,Condominium Title,No,2026-03-13,2026-03-15 04:15:37,"Gizli tekrar (aynı ofis/ev, çelişmeyen bilgi)",0.0,91887,27.0,
1668-14210,32000000,225352.11,Beşiktaş,Etiler,3.0,1,4,160.0,142.0,5.0,,7.0,31.0,,,Central (Metered),,2.0,Unfurnished,Owner-occupied,0,,South,4000.0,Eligible,Condominium Title,No,2026-02-28,2026-03-15 09:49:46,"Gizli tekrar (aynı ofis/ev, çelişmeyen bilgi)",0.0,1668,27.0,
45672-622,6750000,90000.0,Gaziosmanpaşa,Bağlarbaşı,2.0,1,3,92.0,75.0,2.0,,10.0,0.0,,,Combi Boiler,,1.0,Unfurnished,Vacant,1,Vadi Evleri 7A,"South, East",,Eligible,Condominium Title,No,2026-02-16,2026-03-16 03:24:04,"Gizli tekrar (aynı ofis/ev, çelişmeyen bilgi)",0.0,45672,27.0,
45672-621,6750000,90000.0,Gaziosmanpaşa,Bağlarbaşı,2.0,1,3,92.0,75.0,4.0,,10.0,0.0,,,Combi Boiler,,1.0,Unfurnished,Vacant,1,Vadi Evleri 7A,"South, East",,Eligible,Condominium Title,No,2026-02-16,2026-03-16 03:27:57,"Gizli tekrar (aynı ofis/ev, çelişmeyen bilgi)",0.0,45672,27.0,
125767-200,2600000,23636.36,Esenyurt,Necip Fazıl Kısakürek,2.0,1,3,118.0,110.0,12.0,,30.0,11.0,,,Central (Metered),,2.0,Unfurnished,Vacant,0,,"North, South",28.0,Not Eligible,Condominium Title,No,2026-02-07,2026-03-15 22:22:53,"Gizli tekrar (aynı ofis/ev, çelişmeyen bilgi)",0.0,125767,27.0,
158130-240,10500000,110526.32,Beşiktaş,Vişnezade,2.0,1,3,110.0,95.0,5.0,,6.0,26.0,,,Combi Boiler,,1.0,Unfurnished,Tenant-occupied,0,,"South, East",300.0,Eligible,Condominium Title,No,2026-02-05,2026-03-15 10:41:35,"Gizli tekrar (aynı ofis/ev, çelişmeyen bilgi)",0.0,158130,27.0,
165391-30,14900000,124166.67,Ataşehir,Atatürk,3.0,1,4,145.0,120.0,1.0,,13.0,26.0,,,Central (Metered),,2.0,Unfurnished,Tenant-occupied,1,Gardenya 5 Sitesi,"South, East, West",,Eligible,Condominium Title,No,2026-02-05,2026-03-14 22:58:34,"Gizli tekrar (aynı ofis/ev, çelişmeyen bilgi)",0.0,165391,27.0,
17780-20243,23000000,131428.57,Bakırköy,Şenlikköy,4.0,1,5,185.0,175.0,1.0,,4.0,24.0,Reinforced Concrete,,Combi Boiler,Natural Gas,1.0,Unfurnished,Tenant-occupied,0,,,,Eligible,Construction Easement,No,2026-02-10,2026-03-15 06:10:07,"Gizli tekrar (aynı ofis/ev, çelişmeyen bilgi)",0.0,17780,27.0,
166342-44,3900000,52000.0,Bahçelievler,Zafer,2.0,1,3,90.0,75.0,2.0,,5.0,26.0,,,No Heating,,1.0,Unfurnished,Owner-occupied,0,,North,400.0,Eligible,Condominium Title,No,2026-03-04,2026-03-15 05:14:16,"Gizli tekrar (aynı ofis/ev, çelişmeyen bilgi)",0.0,166342,27.0,
69537-102537,2950000,39333.33,Eyüpsultan,Rami Cuma,2.0,1,3,80.0,75.0,-1.0,Sub-level 1,4.0,2.0,,,Combi Boiler,,1.0,Unfurnished,Tenant-occupied,0,,,,Eligible,Construction Easement,No,2026-03-09,2026-03-15 22:54:43,"Gizli tekrar (aynı ofis/ev, çelişmeyen bilgi)",0.0,69537,26.0,
16200-2976,4900000,39200.0,Esenyurt,Mevlana,3.0,1,4,145.0,125.0,13.0,,14.0,26.0,,,Combi Boiler,,1.0,Unfurnished,Vacant,1,,"North, West",,Eligible,Condominium Title,No,2026-03-03,2026-03-15 20:53:04,"Gizli tekrar (aynı ofis/ev, çelişmeyen bilgi)",0.0,16200,26.0,
41756-18006,55000000,152777.78,Beşiktaş,Ortaköy,6.0,2,8,400.0,360.0,4.0,,5.0,26.0,,,Combi Boiler,,4.0,Unfurnished,Vacant,0,,East,,Eligible,Construction Easement,No,2026-03-03,2026-03-15 11:00:39,"Gizli tekrar (aynı ofis/ev, çelişmeyen bilgi)",0.0,41756,26.0,
163714-82,20000000,105820.11,Tuzla,İstasyon,4.0,2,6,221.0,189.0,7.0,,7.0,0.0,,,Underfloor Heating,,4.0,Unfurnished,Vacant,1,,"South, East",2571.0,Eligible,Construction Easement,No,,2026-03-18 08:03:37,"Gizli tekrar (aynı ofis/ev, çelişmeyen bilgi)",0.0,163714,26.0,
151097-75,4995000,41625.0,Sancaktepe,İnönü,3.0,1,4,130.0,120.0,3.0,,4.0,11.0,Reinforced Concrete,,Combi Boiler,Natural Gas,3.0,Unfurnished,Vacant,0,,,,Eligible,Condominium Title,No,,2026-03-17 16:21:06,"Gizli tekrar (aynı ofis/ev, çelişmeyen bilgi)",0.0,151097,26.0,
161120-13,5000000,71428.57,Kağıthane,Çeliktepe,2.0,1,3,80.0,70.0,2.0,,5.0,0.0,,,Combi Boiler,,1.0,Unfurnished,Vacant,0,,"North, South",300.0,Eligible,Condominium Title,No,,2026-03-17 03:17:54,"Gizli tekrar (aynı ofis/ev, çelişmeyen bilgi)",0.0,161120,26.0,
165787-16,7900000,89772.73,Bahçelievler,Siyavuşpaşa,3.0,1,4,100.0,88.0,6.0,,6.0,0.0,,,Combi Boiler,,1.0,Unfurnished,Vacant,0,,South,,Eligible,Construction Easement,No,2026-02-13,2026-03-15 05:19:38,"Gizli tekrar (aynı ofis/ev, çelişmeyen bilgi)",0.0,165787,26.0,
130054-909,39000000,371428.57,Kadıköy,Fenerbahçe,3.0,1,4,135.0,105.0,9.0,,10.0,0.0,,,Combi Boiler,,2.0,Unfurnished,Vacant,0,,"South, East",,Eligible,Condominium Title,No,2026-03-13,2026-03-16 05:26:14,"Gizli tekrar (aynı ofis/ev, çelişmeyen bilgi)",0.0,130054,26.0,
158773-174,7600000,58461.54,Sultanbeyli,Yavuz Selim,4.0,1,5,158.0,130.0,3.0,,3.0,0.0,,,Combi Boiler,,2.0,Unfurnished,Vacant,0,,"South, West",,Eligible,Condominium Title,Yes,,2026-03-18 05:41:10,"Gizli tekrar (aynı ofis/ev, çelişmeyen bilgi)",0.0,158773,25.0,
156382-382,4150000,59285.71,Tuzla,Şifa,2.0,1,3,90.0,70.0,0.0,Raised Ground,6.0,0.0,,,Combi Boiler,,1.0,Unfurnished,Vacant,0,,,,Eligible,Construction Easement,No,,2026-03-18 08:24:32,"Gizli tekrar (aynı ofis/ev, çelişmeyen bilgi)",0.0,156382,25.0,
65855-1075,24500000,153125.0,Üsküdar,İcadiye,3.0,2,5,200.0,160.0,5.0,,5.0,0.0,,,Combi Boiler,,2.0,Unfurnished,Vacant,0,,"South, East",,Eligible,Condominium Title,No,,2026-03-19 01:58:30,"Gizli tekrar (aynı ofis/ev, çelişmeyen bilgi)",0.0,65855,25.0,
3351-2030,19950000,110833.33,Üsküdar,Cumhuriyet,5.0,2,7,220.0,180.0,4.0,,4.0,0.0,,,Combi Boiler,,1.0,Unfurnished,Vacant,0,,"South, West",,Eligible,Construction Easement,No,,2026-03-19 02:22:05,"Gizli tekrar (aynı ofis/ev, çelişmeyen bilgi)",0.0,3351,25.0,
161764-62,6500000,68421.05,Küçükçekmece,Mehmet Akif,3.0,1,4,110.0,95.0,2.0,,4.0,0.0,,,Combi Boiler,,1.0,Unfurnished,Vacant,0,,South,,Eligible,Condominium Title,No,,2026-03-17 10:14:52,"Gizli tekrar (aynı ofis/ev, çelişmeyen bilgi)",0.0,161764,25.0,
17780-20401,24500000,102510.46,Bakırköy,Şenlikköy,4.0,1,5,270.0,239.0,0.0,Entrance Floor,4.0,23.0,,,Combi Boiler,,2.0,,Owner-occupied,0,,,,Eligible,Condominium Title,No,2026-02-07,2026-03-15 06:46:49,"Gizli tekrar (aynı ofis/ev, çelişmeyen bilgi)",0.0,17780,25.0,
105258-2817,7500000,41666.67,Beylikdüzü,Kavaklı,3.0,2,5,200.0,180.0,4.0,,5.0,6.0,,,Combi Boiler,,2.0,Unfurnished,Vacant,0,,,,Not Eligible,Foreign Owner,No,2026-02-12,2026-03-15 13:54:11,"Gizli tekrar (aynı ofis/ev, çelişmeyen bilgi)",0.0,105258,25.0,
45672-569,14000000,60869.57,Bayrampaşa,Kartaltepe,4.0,3,7,250.0,230.0,5.0,,5.0,0.0,,,Combi Boiler,,2.0,Unfurnished,Vacant,0,,,,Eligible,Construction Easement,Yes,2026-02-13,2026-03-15 09:15:37,"Gizli tekrar (aynı ofis/ev, çelişmeyen bilgi)",0.0,45672,25.0,
85988-376,6950000,90259.74,Pendik,Harmandere,2.0,1,3,85.0,77.0,8.0,,8.0,6.0,,,Combi Boiler,,1.0,Unfurnished,Owner-occupied,1,,,2980.0,Eligible,Condominium Title,No,,2026-03-17 15:01:38,"Gizli tekrar (aynı ofis/ev, çelişmeyen bilgi)",0.0,85988,25.0,
42003-7172,6150000,106034.48,Pendik,Şeyhli,2.0,1,3,88.0,58.0,7.0,,7.0,1.0,,New,Combi Boiler,,1.0,Unfurnished,Vacant,0,,"North, South, East, West",,Eligible,Construction Easement,,,2026-03-17 15:31:36,"Gizli tekrar (aynı ofis/ev, çelişmeyen bilgi)",0.0,42003,25.0,
143376-235,10250000,97619.05,Zeytinburnu,Gökalp,3.0,1,4,120.0,105.0,4.0,,6.0,0.0,,,Combi Boiler,,2.0,Unfurnished,Vacant,0,,,,Eligible,Condominium Title,No,,2026-03-19 04:18:29,"Gizli tekrar (aynı ofis/ev, çelişmeyen bilgi)",0.0,143376,24.0,
156382-384,4350000,62142.86,Tuzla,Şifa,2.0,1,3,90.0,70.0,3.0,,5.0,0.0,,,Combi Boiler,,1.0,Unfurnished,Vacant,0,,,,Eligible,Construction Easement,No,,2026-03-18 08:23:28,"Gizli tekrar (aynı ofis/ev, çelişmeyen bilgi)",0.0,156382,24.0,
156382-383,4350000,62142.86,Tuzla,Şifa,2.0,1,3,90.0,70.0,5.0,,5.0,0.0,,,Combi Boiler,,1.0,Unfurnished,Vacant,0,,,,Eligible,Construction Easement,No,,2026-03-18 08:24:12,"Gizli tekrar (aynı ofis/ev, çelişmeyen bilgi)",0.0,156382,24.0,
69537-86056,11000000,183333.33,Sarıyer,Maslak,1.0,1,2,81.0,60.0,,Mid Floor,30.0,10.0,,,Central,,1.0,,,1,Mashattan Sitesi,,,Eligible,Condominium Title,,,2026-03-18 01:33:22,"Gizli tekrar (aynı ofis/ev, çelişmeyen bilgi)",0.0,69537,22.0,
129481-1157,8750000000,60344827.5862069,Fatih,Şehremini,3.0,1,4,150.0,145.0,1.0,,5.0,35.0,Reinforced Concrete,Second-hand,Combi Boiler,Natural Gas,2.0,Unfurnished,Owner-occupied,0,,"North, South",150.0,Eligible,Condominium Title,No,2026-02-13,2026-03-16 02:32:01,m² fiyatı ilçesine göre aşırı uç (3×IQR),1.0,129481,,0.0
90932-1097,34500000,718750.0,Fatih,Muhsine Hatun,1.0,1,2,55.0,48.0,1.0,,5.0,33.0,Masonry,Second-hand,Floor Radiator,Natural Gas,1.0,Unfurnished,Owner-occupied,0,,"South, East",200.0,Not Eligible,Freehold Title,Yes,2026-02-13,2026-03-16 02:07:55,m² fiyatı ilçesine göre aşırı uç (3×IQR),0.0,90932,,0.0
90932-1096,23100000,385000.0,Fatih,Aksaray,2.0,1,3,85.0,60.0,,Mid Floor,5.0,32.0,Masonry,Second-hand,Floor Radiator,Natural Gas,1.0,Unfurnished,Tenant-occupied,0,,"East, West",200.0,Not Eligible,Freehold Title,Yes,2026-02-13,2026-03-16 02:09:53,m² fiyatı ilçesine göre aşırı uç (3×IQR),0.0,90932,,0.0
155768-7,8950000000,119333333.33333333,Bakırköy,Zuhuratbaba,2.0,1,3,85.0,75.0,0.0,Entrance Floor,5.0,0.0,Reinforced Concrete,New,Combi Boiler,Natural Gas,1.0,Unfurnished,Vacant,0,,South,,Eligible,Condominium Title,No,2026-03-14,2026-03-15 05:37:38,m² fiyatı ilçesine göre aşırı uç (3×IQR),0.0,155768,,0.0
46572-11625,10500000000,143835616.43835616,Kağıthane,Yahya Kemal,2.0,1,3,92.0,73.0,6.0,,8.0,3.0,Reinforced Concrete,Second-hand,Central (Metered),Natural Gas,2.0,Unfurnished,Owner-occupied,1,,"North, South, East, West",1800.0,Eligible,Condominium Title,No,,2026-03-17 05:22:38,m² fiyatı ilçesine göre aşırı uç (3×IQR),0.0,46572,,0.0
110589-1643,8500000,425000.0,Beylikdüzü,Adnan Kahveci,4.0,2,6,220.0,20.0,3.0,,3.0,5.0,Reinforced Concrete,Second-hand,Combi Boiler,Natural Gas,2.0,Unfurnished,Owner-occupied,0,,"South, East, West",,Eligible,Construction Easement,No,2026-02-21,2026-03-15 13:39:24,m² fiyatı ilçesine göre aşırı uç (3×IQR),0.0,110589,,0.0
0-45938460,4500000000,50000000.0,Gaziosmanpaşa,Merkez,2.0,1,3,95.0,90.0,,Mid Floor,3.0,20.0,Reinforced Concrete,Second-hand,Combi Boiler,Natural Gas,2.0,Unfurnished,Owner-occupied,0,,,150.0,Eligible,Condominium Title,No,2026-01-22,2026-03-16 03:41:23,m² fiyatı ilçesine göre aşırı uç (3×IQR),0.0,0,,0.0
152035-19,140000000,3111111.111111111,Kağıthane,Hamidiye,1.0,1,2,60.0,45.0,,Mid Floor,11.0,0.0,Reinforced Concrete,New,Combi Boiler,Natural Gas,1.0,Unfurnished,Vacant,0,,"North, South",2000.0,Eligible,Construction Easement,Yes,,2026-03-17 04:07:47,m² fiyatı ilçesine göre aşırı uç (3×IQR),0.0,152035,,0.0
113416-392,24500000,257894.73684210525,Arnavutköy,Hadımköy,2.0,1,3,100.0,95.0,5.0,,5.0,17.0,Reinforced Concrete,Second-hand,Combi Boiler,Natural Gas,1.0,Unfurnished,Vacant,0,,East,,Eligible,Construction Easement,No,2026-03-04,2026-03-14 21:41:53,m² fiyatı ilçesine göre aşırı uç (3×IQR),0.0,113416,,0.0
38568-9093,3145000,37000.0,Kadıköy,Eğitim,2.0,1,3,90.0,85.0,4.0,,4.0,48.0,Reinforced Concrete,Second-hand,Combi Boiler,Natural Gas,1.0,Unfurnished,Vacant,0,,"South, East",250.0,Not Eligible,Land Title,No,,2026-03-17 02:48:55,m² fiyatı ilçesine göre aşırı uç (3×IQR),0.0,38568,,0.0
144871-574,5189000000,34593333.333333336,Şişli,Kuştepe,3.0,1,4,160.0,150.0,3.0,Top Floor,3.0,8.0,Reinforced Concrete,,Combi Boiler,Natural Gas,1.0,Unfurnished,Vacant,0,,"East, West",500.0,Eligible,Condominium Title,,,2026-03-18 02:55:32,m² fiyatı ilçesine göre aşırı uç (3×IQR),0.0,144871,,0.0
111213-917,65000,500.0,Bahçelievler,Bahçelievler,3.0,1,4,140.0,130.0,4.0,,8.0,26.0,,,Central,,1.0,Unfurnished,Vacant,1,Güzelkent Sitesi,South,2000.0,Not Eligible,Condominium Title,No,2026-02-27,2026-03-15 03:44:17,m² fiyatı ilçesine göre aşırı uç (3×IQR),0.0,111213,,0.0
83415-2364,30000,300.0,Esenler,Fevzi Çakmak,3.0,1,4,120.0,100.0,2.0,,5.0,0.0,Reinforced Concrete,New,Combi Boiler,Natural Gas,1.0,Unfurnished,Vacant,0,,,,Eligible,Condominium Title,,2026-02-13,2026-03-15 19:11:55,m² fiyatı ilçesine göre aşırı uç (3×IQR),0.0,83415,,0.0
163983-454,26500,378.57142857142856,Pendik,Yenişehir,2.0,1,3,80.0,70.0,1.0,,4.0,26.0,,,Combi Boiler,,1.0,Furnished,Vacant,1,4015 Ada Evleri,South,600.0,Not Eligible,Condominium Title,,,2026-03-17 14:17:55,m² fiyatı ilçesine göre aşırı uç (3×IQR),0.0,163983,,0.0
36122-1929,40000,444.44444444444446,Bahçelievler,Zafer,2.0,1,3,100.0,90.0,2.0,,4.0,6.0,,,Combi Boiler,,1.0,Unfurnished,Vacant,0,,"North, South",,Eligible,Condominium Title,No,2026-03-06,2026-03-15 03:37:05,m² fiyatı ilçesine göre aşırı uç (3×IQR),0.0,36122,,0.0
162634-253,38000,475.0,Sancaktepe,Sarıgazi,2.0,1,3,90.0,80.0,1.0,,3.0,2.0,,,Combi Boiler,,1.0,Unfurnished,Vacant,0,,"North, South, East, West",38000.0,Not Eligible,Condominium Title,No,,2026-03-17 16:18:22,m² fiyatı ilçesine göre aşırı uç (3×IQR),0.0,162634,,0.0
139186-236,35000,454.54545454545456,Kağıthane,Çeliktepe,2.0,1,3,90.0,77.0,2.0,,5.0,1.0,,,Combi Boiler,,1.0,Unfurnished,Vacant,0,,"North, South, East, West",250.0,Not Eligible,Condominium Title,Yes,,2026-03-17 04:42:17,m² fiyatı ilçesine göre aşırı uç (3×IQR),0.0,139186,,0.0
166730-3,3825000000,63750000.0,Maltepe,Zümrütevler,1.0,1,2,70.0,60.0,-1.0,Garden Floor,3.0,0.0,,,Combi Boiler,,1.0,Unfurnished,Vacant,0,,South,,Eligible,Condominium Title,No,,2026-03-17 11:47:26,m² fiyatı ilçesine göre aşırı uç (3×IQR),0.0,166730,,0.0
134276-353,50000,384.61538461538464,Küçükçekmece,Cennet,3.0,1,4,150.0,130.0,2.0,,5.0,21.0,,,Combi Boiler,,1.0,Unfurnished,Vacant,0,,South,,Not Eligible,Condominium Title,No,,2026-03-17 07:47:14,m² fiyatı ilçesine göre aşırı uç (3×IQR),0.0,134276,,0.0
109839-598,3550000000,29583333.333333332,Kağıthane,Nurtepe,2.0,2,4,130.0,120.0,-1.0,Sub-level 1,5.0,11.0,,,Combi Boiler,,2.0,Unfurnished,Vacant,0,,,,Eligible,Construction Easement,No,,2026-03-17 03:25:55,m² fiyatı ilçesine göre aşırı uç (3×IQR),0.0,109839,,0.0
126514-92,24000,292.6829268292683,Sancaktepe,Merve,2.0,1,3,94.0,82.0,1.0,,4.0,4.0,,,Combi Boiler,,1.0,Unfurnished,Vacant,0,,"South, East",,Eligible,Condominium Title,No,,2026-03-17 17:15:21,m² fiyatı ilçesine göre aşırı uç (3×IQR),0.0,126514,,0.0
159000-50,4200000000,35000000.0,Güngören,Merkez,3.0,1,4,140.0,120.0,2.0,,5.0,21.0,,,Combi Boiler,,2.0,Unfurnished,Tenant-occupied,0,,,,Not Eligible,Land Title,No,2026-03-06,2026-03-16 04:28:40,m² fiyatı ilçesine göre aşırı uç (3×IQR),0.0,159000,,0.0
113215-1249,460000,5411.764705882353,Silivri,Yeni,2.0,1,3,100.0,85.0,2.0,,5.0,0.0,,,Combi Boiler,,2.0,Unfurnished,Vacant,0,,"East, West",,Eligible,Condominium Title,No,,2026-03-18 01:55:22,m² fiyatı ilçesine göre aşırı uç (3×IQR),0.0,113215,,0.0
111145-85,38000,447.05882352941177,Pendik,Dumlupınar,3.0,1,4,110.0,85.0,1.0,,5.0,0.0,,,Combi Boiler,,1.0,Unfurnished,Vacant,0,,"East, West",,Not Eligible,Condominium Title,No,,2026-03-17 13:42:10,m² fiyatı ilçesine göre aşırı uç (3×IQR),0.0,111145,,0.0
49009-1692,11500000000,60526315.78947368,Bayrampaşa,Kartaltepe,5.0,1,6,191.0,190.0,5.0,,5.0,0.0,,,Combi Boiler,Natural Gas,2.0,,Vacant,0,,,,Eligible,Condominium Title,,2026-02-13,2026-03-15 09:22:19,m² fiyatı ilçesine göre aşırı uç (3×IQR),1.0,49009,,0.0
